elapsed_ms,extra.concurrency,extra.rss_baseline_mib,extra.rss_delta_mib,extra.rss_peak_mib,extra.rss_samples,extra.sample_interval_ms,library,rows,run,scenario
1.068958081305027,,,,,,,clickhouse-async,1,0,ping_latency
1.1022919788956642,,,,,,,clickhouse-async,1,1,ping_latency
1.192375086247921,,,,,,,clickhouse-async,1,2,ping_latency
0.9615416638553143,,,,,,,clickhouse-async,1,3,ping_latency
0.9465841576457024,,,,,,,clickhouse-async,1,4,ping_latency
0.9268750436604023,,,,,,,clickhouse-async,1,5,ping_latency
0.9688339196145535,,,,,,,clickhouse-async,1,6,ping_latency
0.9715831838548183,,,,,,,clickhouse-async,1,7,ping_latency
1.0131248272955418,,,,,,,clickhouse-async,1,8,ping_latency
1.050666905939579,,,,,,,clickhouse-async,1,9,ping_latency
1.259458251297474,,,,,,,clickhouse-async,1,10,ping_latency
1.2147920206189156,,,,,,,clickhouse-async,1,11,ping_latency
1.086999662220478,,,,,,,clickhouse-async,1,12,ping_latency
1.1421251110732555,,,,,,,clickhouse-async,1,13,ping_latency
1.3342499732971191,,,,,,,clickhouse-async,1,14,ping_latency
1.230041030794382,,,,,,,clickhouse-async,1,15,ping_latency
1.136499922722578,,,,,,,clickhouse-async,1,16,ping_latency
0.9981668554246426,,,,,,,clickhouse-async,1,17,ping_latency
1.0533337481319904,,,,,,,clickhouse-async,1,18,ping_latency
1.1653341352939606,,,,,,,clickhouse-async,1,19,ping_latency
0.9856661781668663,,,,,,,clickhouse-async,1,20,ping_latency
0.9508328512310982,,,,,,,clickhouse-async,1,21,ping_latency
1.0009580291807652,,,,,,,clickhouse-async,1,22,ping_latency
1.0883752256631851,,,,,,,clickhouse-async,1,23,ping_latency
1.284874975681305,,,,,,,clickhouse-async,1,24,ping_latency
1.0996656492352486,,,,,,,clickhouse-async,1,25,ping_latency
1.0466673411428928,,,,,,,clickhouse-async,1,26,ping_latency
1.0974579490721226,,,,,,,clickhouse-async,1,27,ping_latency
1.1665420606732368,,,,,,,clickhouse-async,1,28,ping_latency
1.4052502810955048,,,,,,,clickhouse-async,1,29,ping_latency
1.0730419307947159,,,,,,,clickhouse-async,1,30,ping_latency
0.9639998897910118,,,,,,,clickhouse-async,1,31,ping_latency
1.0004593059420586,,,,,,,clickhouse-async,1,32,ping_latency
0.9355000220239162,,,,,,,clickhouse-async,1,33,ping_latency
0.9302091784775257,,,,,,,clickhouse-async,1,34,ping_latency
0.9476658888161182,,,,,,,clickhouse-async,1,35,ping_latency
0.9710830636322498,,,,,,,clickhouse-async,1,36,ping_latency
0.9516668505966663,,,,,,,clickhouse-async,1,37,ping_latency
0.9625842794775963,,,,,,,clickhouse-async,1,38,ping_latency
0.9605418890714645,,,,,,,clickhouse-async,1,39,ping_latency
1.0590003803372383,,,,,,,clickhouse-async,1,40,ping_latency
1.105249859392643,,,,,,,clickhouse-async,1,41,ping_latency
1.1078747920691967,,,,,,,clickhouse-async,1,42,ping_latency
1.0797921568155289,,,,,,,clickhouse-async,1,43,ping_latency
1.0196249932050705,,,,,,,clickhouse-async,1,44,ping_latency
0.9133340790867805,,,,,,,clickhouse-async,1,45,ping_latency
0.9328750893473625,,,,,,,clickhouse-async,1,46,ping_latency
0.9791655465960503,,,,,,,clickhouse-async,1,47,ping_latency
0.9795837104320526,,,,,,,clickhouse-async,1,48,ping_latency
0.9456672705709934,,,,,,,clickhouse-async,1,49,ping_latency
0.9573749266564846,,,,,,,clickhouse-async,1,50,ping_latency
0.933042261749506,,,,,,,clickhouse-async,1,51,ping_latency
0.9774998761713505,,,,,,,clickhouse-async,1,52,ping_latency
0.9550419636070728,,,,,,,clickhouse-async,1,53,ping_latency
0.9665829129517078,,,,,,,clickhouse-async,1,54,ping_latency
0.9707077406346798,,,,,,,clickhouse-async,1,55,ping_latency
0.974167138338089,,,,,,,clickhouse-async,1,56,ping_latency
1.03320786729455,,,,,,,clickhouse-async,1,57,ping_latency
0.997583381831646,,,,,,,clickhouse-async,1,58,ping_latency
0.9435419924557209,,,,,,,clickhouse-async,1,59,ping_latency
0.9063747711479664,,,,,,,clickhouse-async,1,60,ping_latency
1.013750210404396,,,,,,,clickhouse-async,1,61,ping_latency
1.0115420445799828,,,,,,,clickhouse-async,1,62,ping_latency
0.9613749571144581,,,,,,,clickhouse-async,1,63,ping_latency
0.9367503225803375,,,,,,,clickhouse-async,1,64,ping_latency
0.8816663175821304,,,,,,,clickhouse-async,1,65,ping_latency
0.935917254537344,,,,,,,clickhouse-async,1,66,ping_latency
0.987000297755003,,,,,,,clickhouse-async,1,67,ping_latency
0.9575840085744858,,,,,,,clickhouse-async,1,68,ping_latency
1.0056248866021633,,,,,,,clickhouse-async,1,69,ping_latency
0.9817918762564659,,,,,,,clickhouse-async,1,70,ping_latency
0.9259157814085484,,,,,,,clickhouse-async,1,71,ping_latency
0.9520826861262321,,,,,,,clickhouse-async,1,72,ping_latency
0.9782081469893456,,,,,,,clickhouse-async,1,73,ping_latency
0.9940420277416706,,,,,,,clickhouse-async,1,74,ping_latency
1.0458328761160374,,,,,,,clickhouse-async,1,75,ping_latency
0.9844591841101646,,,,,,,clickhouse-async,1,76,ping_latency
1.0842089541256428,,,,,,,clickhouse-async,1,77,ping_latency
1.2143747881054878,,,,,,,clickhouse-async,1,78,ping_latency
1.0872920975089073,,,,,,,clickhouse-async,1,79,ping_latency
0.9511671960353851,,,,,,,clickhouse-async,1,80,ping_latency
1.011749729514122,,,,,,,clickhouse-async,1,81,ping_latency
1.0010837577283382,,,,,,,clickhouse-async,1,82,ping_latency
0.9306673891842365,,,,,,,clickhouse-async,1,83,ping_latency
1.014959067106247,,,,,,,clickhouse-async,1,84,ping_latency
1.1204998008906841,,,,,,,clickhouse-async,1,85,ping_latency
1.1015417985618114,,,,,,,clickhouse-async,1,86,ping_latency
1.015041023492813,,,,,,,clickhouse-async,1,87,ping_latency
1.0366672649979591,,,,,,,clickhouse-async,1,88,ping_latency
0.9978339076042175,,,,,,,clickhouse-async,1,89,ping_latency
1.0006669908761978,,,,,,,clickhouse-async,1,90,ping_latency
1.0128752328455448,,,,,,,clickhouse-async,1,91,ping_latency
0.9834999218583107,,,,,,,clickhouse-async,1,92,ping_latency
0.9925002232193947,,,,,,,clickhouse-async,1,93,ping_latency
1.3040411286056042,,,,,,,clickhouse-async,1,94,ping_latency
1.0487078689038754,,,,,,,clickhouse-async,1,95,ping_latency
0.9954161942005157,,,,,,,clickhouse-async,1,96,ping_latency
1.1014160700142384,,,,,,,clickhouse-async,1,97,ping_latency
0.9913751855492592,,,,,,,clickhouse-async,1,98,ping_latency
0.9539998136460781,,,,,,,clickhouse-async,1,99,ping_latency
0.9739999659359455,,,,,,,clickhouse-async,1,100,ping_latency
1.001917291432619,,,,,,,clickhouse-async,1,101,ping_latency
0.9932499378919601,,,,,,,clickhouse-async,1,102,ping_latency
1.0061250068247318,,,,,,,clickhouse-async,1,103,ping_latency
0.8994592353701591,,,,,,,clickhouse-async,1,104,ping_latency
0.9647496044635773,,,,,,,clickhouse-async,1,105,ping_latency
0.9865420870482922,,,,,,,clickhouse-async,1,106,ping_latency
1.0059578344225883,,,,,,,clickhouse-async,1,107,ping_latency
0.9626247920095921,,,,,,,clickhouse-async,1,108,ping_latency
1.086208038032055,,,,,,,clickhouse-async,1,109,ping_latency
0.9399158880114555,,,,,,,clickhouse-async,1,110,ping_latency
0.9347498416900635,,,,,,,clickhouse-async,1,111,ping_latency
0.9656669571995735,,,,,,,clickhouse-async,1,112,ping_latency
0.9451666846871376,,,,,,,clickhouse-async,1,113,ping_latency
1.0752077214419842,,,,,,,clickhouse-async,1,114,ping_latency
1.028750091791153,,,,,,,clickhouse-async,1,115,ping_latency
0.931374728679657,,,,,,,clickhouse-async,1,116,ping_latency
1.0611251927912235,,,,,,,clickhouse-async,1,117,ping_latency
1.0858750902116299,,,,,,,clickhouse-async,1,118,ping_latency
0.9062499739229679,,,,,,,clickhouse-async,1,119,ping_latency
0.9637502953410149,,,,,,,clickhouse-async,1,120,ping_latency
0.9184158407151699,,,,,,,clickhouse-async,1,121,ping_latency
0.9222910739481449,,,,,,,clickhouse-async,1,122,ping_latency
0.9136656299233437,,,,,,,clickhouse-async,1,123,ping_latency
0.9759170934557915,,,,,,,clickhouse-async,1,124,ping_latency
1.0410831309854984,,,,,,,clickhouse-async,1,125,ping_latency
1.12062506377697,,,,,,,clickhouse-async,1,126,ping_latency
1.1301669292151928,,,,,,,clickhouse-async,1,127,ping_latency
0.9887502528727055,,,,,,,clickhouse-async,1,128,ping_latency
0.880957581102848,,,,,,,clickhouse-async,1,129,ping_latency
0.9640827775001526,,,,,,,clickhouse-async,1,130,ping_latency
0.9694998152554035,,,,,,,clickhouse-async,1,131,ping_latency
0.9717913344502449,,,,,,,clickhouse-async,1,132,ping_latency
0.9947093203663826,,,,,,,clickhouse-async,1,133,ping_latency
1.0945838876068592,,,,,,,clickhouse-async,1,134,ping_latency
1.1012079194188118,,,,,,,clickhouse-async,1,135,ping_latency
0.9872079826891422,,,,,,,clickhouse-async,1,136,ping_latency
0.9646667167544365,,,,,,,clickhouse-async,1,137,ping_latency
0.9287921711802483,,,,,,,clickhouse-async,1,138,ping_latency
0.8959583938121796,,,,,,,clickhouse-async,1,139,ping_latency
0.8757920004427433,,,,,,,clickhouse-async,1,140,ping_latency
0.9203329682350159,,,,,,,clickhouse-async,1,141,ping_latency
0.8899583481252193,,,,,,,clickhouse-async,1,142,ping_latency
0.9226673282682896,,,,,,,clickhouse-async,1,143,ping_latency
0.9228340350091457,,,,,,,clickhouse-async,1,144,ping_latency
0.9015826508402824,,,,,,,clickhouse-async,1,145,ping_latency
0.967167317867279,,,,,,,clickhouse-async,1,146,ping_latency
0.9415419772267342,,,,,,,clickhouse-async,1,147,ping_latency
0.8907909505069256,,,,,,,clickhouse-async,1,148,ping_latency
0.9676250629127026,,,,,,,clickhouse-async,1,149,ping_latency
0.9016250260174274,,,,,,,clickhouse-async,1,150,ping_latency
0.9347503073513508,,,,,,,clickhouse-async,1,151,ping_latency
0.8850418962538242,,,,,,,clickhouse-async,1,152,ping_latency
0.8707079105079174,,,,,,,clickhouse-async,1,153,ping_latency
0.9546251967549324,,,,,,,clickhouse-async,1,154,ping_latency
1.0027922689914703,,,,,,,clickhouse-async,1,155,ping_latency
0.9341668337583542,,,,,,,clickhouse-async,1,156,ping_latency
0.9207502007484436,,,,,,,clickhouse-async,1,157,ping_latency
0.8958750404417515,,,,,,,clickhouse-async,1,158,ping_latency
0.9227078408002853,,,,,,,clickhouse-async,1,159,ping_latency
0.9153331629931927,,,,,,,clickhouse-async,1,160,ping_latency
0.8994159288704395,,,,,,,clickhouse-async,1,161,ping_latency
0.9212088771164417,,,,,,,clickhouse-async,1,162,ping_latency
0.8825827389955521,,,,,,,clickhouse-async,1,163,ping_latency
0.9164996445178986,,,,,,,clickhouse-async,1,164,ping_latency
0.916333869099617,,,,,,,clickhouse-async,1,165,ping_latency
0.9064576588571072,,,,,,,clickhouse-async,1,166,ping_latency
0.899875070899725,,,,,,,clickhouse-async,1,167,ping_latency
0.8967919275164604,,,,,,,clickhouse-async,1,168,ping_latency
0.9114593267440796,,,,,,,clickhouse-async,1,169,ping_latency
0.9222086519002914,,,,,,,clickhouse-async,1,170,ping_latency
0.9259581565856934,,,,,,,clickhouse-async,1,171,ping_latency
0.9283339604735374,,,,,,,clickhouse-async,1,172,ping_latency
0.9127911180257797,,,,,,,clickhouse-async,1,173,ping_latency
0.9016250260174274,,,,,,,clickhouse-async,1,174,ping_latency
0.9054159745573997,,,,,,,clickhouse-async,1,175,ping_latency
0.8952920325100422,,,,,,,clickhouse-async,1,176,ping_latency
0.8697919547557831,,,,,,,clickhouse-async,1,177,ping_latency
0.895082950592041,,,,,,,clickhouse-async,1,178,ping_latency
0.9720409289002419,,,,,,,clickhouse-async,1,179,ping_latency
0.8984580636024475,,,,,,,clickhouse-async,1,180,ping_latency
0.9641251526772976,,,,,,,clickhouse-async,1,181,ping_latency
0.8834591135382652,,,,,,,clickhouse-async,1,182,ping_latency
0.9874589741230011,,,,,,,clickhouse-async,1,183,ping_latency
0.9122081100940704,,,,,,,clickhouse-async,1,184,ping_latency
0.9167920798063278,,,,,,,clickhouse-async,1,185,ping_latency
0.8728331886231899,,,,,,,clickhouse-async,1,186,ping_latency
0.9552077390253544,,,,,,,clickhouse-async,1,187,ping_latency
0.933375209569931,,,,,,,clickhouse-async,1,188,ping_latency
0.9475001133978367,,,,,,,clickhouse-async,1,189,ping_latency
0.8950419723987579,,,,,,,clickhouse-async,1,190,ping_latency
0.8815829642117023,,,,,,,clickhouse-async,1,191,ping_latency
0.9498330764472485,,,,,,,clickhouse-async,1,192,ping_latency
0.9229169227182865,,,,,,,clickhouse-async,1,193,ping_latency
1.0302923619747162,,,,,,,clickhouse-async,1,194,ping_latency
1.0477080941200256,,,,,,,clickhouse-async,1,195,ping_latency
0.9737499058246613,,,,,,,clickhouse-async,1,196,ping_latency
1.0232091881334782,,,,,,,clickhouse-async,1,197,ping_latency
0.9813751094043255,,,,,,,clickhouse-async,1,198,ping_latency
1.0341671295464039,,,,,,,clickhouse-async,1,199,ping_latency
674.1083753295243,,,,,,,clickhouse-async,1000000,0,read_throughput
682.9095832072198,,,,,,,clickhouse-async,1000000,1,read_throughput
675.8924592286348,,,,,,,clickhouse-async,1000000,2,read_throughput
676.687958650291,,,,,,,clickhouse-async,1000000,3,read_throughput
683.870708104223,,,,,,,clickhouse-async,1000000,4,read_throughput
705.9263749979436,,,,,,,clickhouse-async,1000000,5,read_throughput
675.3512499853969,,,,,,,clickhouse-async,1000000,6,read_throughput
676.575249992311,,,,,,,clickhouse-async,1000000,7,read_throughput
682.3005001060665,,,,,,,clickhouse-async,1000000,8,read_throughput
680.2319586277008,,,,,,,clickhouse-async,1000000,9,read_throughput
102.31462493538857,,,,,,,clickhouse-async,100000,0,insert_throughput
95.71337513625622,,,,,,,clickhouse-async,100000,1,insert_throughput
99.27741624414921,,,,,,,clickhouse-async,100000,2,insert_throughput
99.08804204314947,,,,,,,clickhouse-async,100000,3,insert_throughput
107.85012505948544,,,,,,,clickhouse-async,100000,4,insert_throughput
106.3953754492104,,,,,,,clickhouse-async,100000,5,insert_throughput
108.07175002992153,,,,,,,clickhouse-async,100000,6,insert_throughput
109.30979158729315,,,,,,,clickhouse-async,100000,7,insert_throughput
105.83366593346,,,,,,,clickhouse-async,100000,8,insert_throughput
96.90279187634587,,,,,,,clickhouse-async,100000,9,insert_throughput
13.924417085945606,16,,,,,,clickhouse-async,1600000,0,concurrent_reads
17.62025011703372,16,,,,,,clickhouse-async,1600000,1,concurrent_reads
13.281582854688168,16,,,,,,clickhouse-async,1600000,2,concurrent_reads
15.65170893445611,16,,,,,,clickhouse-async,1600000,3,concurrent_reads
12.762583326548338,16,,,,,,clickhouse-async,1600000,4,concurrent_reads
16.49791607633233,16,,,,,,clickhouse-async,1600000,5,concurrent_reads
14.990709256380796,16,,,,,,clickhouse-async,1600000,6,concurrent_reads
14.421874657273293,16,,,,,,clickhouse-async,1600000,7,concurrent_reads
14.43266635760665,16,,,,,,clickhouse-async,1600000,8,concurrent_reads
15.24245785549283,16,,,,,,clickhouse-async,1600000,9,concurrent_reads
796.7672501690686,,30.42,475.35,505.77,"[{'t_ms': 0.0, 'rss_mib': 30.42}, {'t_ms': 0.1, 'rss_mib': 30.45}, {'t_ms': 55.95, 'rss_mib': 95.5}, {'t_ms': 108.92, 'rss_mib': 147.58}, {'t_ms': 165.17, 'rss_mib': 193.17}, {'t_ms': 226.06, 'rss_mib': 245.27}, {'t_ms': 278.26, 'rss_mib': 290.83}, {'t_ms': 343.58, 'rss_mib': 336.45}, {'t_ms': 399.95, 'rss_mib': 375.52}, {'t_ms': 459.57, 'rss_mib': 414.58}, {'t_ms': 510.46, 'rss_mib': 447.16}, {'t_ms': 561.26, 'rss_mib': 473.19}, {'t_ms': 621.74, 'rss_mib': 505.77}, {'t_ms': 796.92, 'rss_mib': 135.8}, {'t_ms': 797.13, 'rss_mib': 135.77}]",50.0,clickhouse-async,5000000,0,memory_ceiling
2.825249917805195,,,,,,,clickhouse-connect (thread-pool),1,0,ping_latency
1.97591632604599,,,,,,,clickhouse-connect (thread-pool),1,1,ping_latency
1.8035001121461391,,,,,,,clickhouse-connect (thread-pool),1,2,ping_latency
1.4900416135787964,,,,,,,clickhouse-connect (thread-pool),1,3,ping_latency
1.951834186911583,,,,,,,clickhouse-connect (thread-pool),1,4,ping_latency
1.6324999742209911,,,,,,,clickhouse-connect (thread-pool),1,5,ping_latency
4.040000028908253,,,,,,,clickhouse-connect (thread-pool),1,6,ping_latency
3.2314169220626354,,,,,,,clickhouse-connect (thread-pool),1,7,ping_latency
2.397709060460329,,,,,,,clickhouse-connect (thread-pool),1,8,ping_latency
2.4777501821517944,,,,,,,clickhouse-connect (thread-pool),1,9,ping_latency
2.912083175033331,,,,,,,clickhouse-connect (thread-pool),1,10,ping_latency
2.091249916702509,,,,,,,clickhouse-connect (thread-pool),1,11,ping_latency
1.9215410575270653,,,,,,,clickhouse-connect (thread-pool),1,12,ping_latency
1.9310000352561474,,,,,,,clickhouse-connect (thread-pool),1,13,ping_latency
1.8049171194434166,,,,,,,clickhouse-connect (thread-pool),1,14,ping_latency
1.8763327971100807,,,,,,,clickhouse-connect (thread-pool),1,15,ping_latency
2.032666001468897,,,,,,,clickhouse-connect (thread-pool),1,16,ping_latency
2.0252917893230915,,,,,,,clickhouse-connect (thread-pool),1,17,ping_latency
1.8927091732621193,,,,,,,clickhouse-connect (thread-pool),1,18,ping_latency
2.080041915178299,,,,,,,clickhouse-connect (thread-pool),1,19,ping_latency
1.9439170137047768,,,,,,,clickhouse-connect (thread-pool),1,20,ping_latency
2.081916667521,,,,,,,clickhouse-connect (thread-pool),1,21,ping_latency
2.0394171588122845,,,,,,,clickhouse-connect (thread-pool),1,22,ping_latency
2.1513751707971096,,,,,,,clickhouse-connect (thread-pool),1,23,ping_latency
1.9540004432201385,,,,,,,clickhouse-connect (thread-pool),1,24,ping_latency
2.1852082572877407,,,,,,,clickhouse-connect (thread-pool),1,25,ping_latency
1.7839171923696995,,,,,,,clickhouse-connect (thread-pool),1,26,ping_latency
1.7059999518096447,,,,,,,clickhouse-connect (thread-pool),1,27,ping_latency
1.4015422202646732,,,,,,,clickhouse-connect (thread-pool),1,28,ping_latency
1.7060833051800728,,,,,,,clickhouse-connect (thread-pool),1,29,ping_latency
1.518375240266323,,,,,,,clickhouse-connect (thread-pool),1,30,ping_latency
1.2529999949038029,,,,,,,clickhouse-connect (thread-pool),1,31,ping_latency
1.2610419653356075,,,,,,,clickhouse-connect (thread-pool),1,32,ping_latency
1.4178752899169922,,,,,,,clickhouse-connect (thread-pool),1,33,ping_latency
1.1405833065509796,,,,,,,clickhouse-connect (thread-pool),1,34,ping_latency
1.162291970103979,,,,,,,clickhouse-connect (thread-pool),1,35,ping_latency
1.2831659987568855,,,,,,,clickhouse-connect (thread-pool),1,36,ping_latency
1.4877081848680973,,,,,,,clickhouse-connect (thread-pool),1,37,ping_latency
1.520541962236166,,,,,,,clickhouse-connect (thread-pool),1,38,ping_latency
1.2112087570130825,,,,,,,clickhouse-connect (thread-pool),1,39,ping_latency
1.200040802359581,,,,,,,clickhouse-connect (thread-pool),1,40,ping_latency
1.183374784886837,,,,,,,clickhouse-connect (thread-pool),1,41,ping_latency
1.2465002946555614,,,,,,,clickhouse-connect (thread-pool),1,42,ping_latency
1.2487499043345451,,,,,,,clickhouse-connect (thread-pool),1,43,ping_latency
1.471125055104494,,,,,,,clickhouse-connect (thread-pool),1,44,ping_latency
1.2314580380916595,,,,,,,clickhouse-connect (thread-pool),1,45,ping_latency
1.3887919485569,,,,,,,clickhouse-connect (thread-pool),1,46,ping_latency
1.7054998315870762,,,,,,,clickhouse-connect (thread-pool),1,47,ping_latency
1.3804170303046703,,,,,,,clickhouse-connect (thread-pool),1,48,ping_latency
1.4854162000119686,,,,,,,clickhouse-connect (thread-pool),1,49,ping_latency
1.2920000590384007,,,,,,,clickhouse-connect (thread-pool),1,50,ping_latency
1.2792078778147697,,,,,,,clickhouse-connect (thread-pool),1,51,ping_latency
1.4583752490580082,,,,,,,clickhouse-connect (thread-pool),1,52,ping_latency
2.9158340767025948,,,,,,,clickhouse-connect (thread-pool),1,53,ping_latency
2.136874943971634,,,,,,,clickhouse-connect (thread-pool),1,54,ping_latency
1.9061672501266003,,,,,,,clickhouse-connect (thread-pool),1,55,ping_latency
1.9555832259356976,,,,,,,clickhouse-connect (thread-pool),1,56,ping_latency
1.8777498044073582,,,,,,,clickhouse-connect (thread-pool),1,57,ping_latency
1.6673337668180466,,,,,,,clickhouse-connect (thread-pool),1,58,ping_latency
1.8099169246852398,,,,,,,clickhouse-connect (thread-pool),1,59,ping_latency
1.7537078820168972,,,,,,,clickhouse-connect (thread-pool),1,60,ping_latency
1.4776671305298805,,,,,,,clickhouse-connect (thread-pool),1,61,ping_latency
1.2496672570705414,,,,,,,clickhouse-connect (thread-pool),1,62,ping_latency
1.4263326302170753,,,,,,,clickhouse-connect (thread-pool),1,63,ping_latency
1.4237090945243835,,,,,,,clickhouse-connect (thread-pool),1,64,ping_latency
1.2139170430600643,,,,,,,clickhouse-connect (thread-pool),1,65,ping_latency
1.2326659634709358,,,,,,,clickhouse-connect (thread-pool),1,66,ping_latency
1.5129586681723595,,,,,,,clickhouse-connect (thread-pool),1,67,ping_latency
1.2694583274424076,,,,,,,clickhouse-connect (thread-pool),1,68,ping_latency
1.3979161158204079,,,,,,,clickhouse-connect (thread-pool),1,69,ping_latency
1.1580842547118664,,,,,,,clickhouse-connect (thread-pool),1,70,ping_latency
1.3150828890502453,,,,,,,clickhouse-connect (thread-pool),1,71,ping_latency
1.1817081831395626,,,,,,,clickhouse-connect (thread-pool),1,72,ping_latency
1.2132921256124973,,,,,,,clickhouse-connect (thread-pool),1,73,ping_latency
1.3424158096313477,,,,,,,clickhouse-connect (thread-pool),1,74,ping_latency
1.268249936401844,,,,,,,clickhouse-connect (thread-pool),1,75,ping_latency
1.3344590552151203,,,,,,,clickhouse-connect (thread-pool),1,76,ping_latency
1.2301667593419552,,,,,,,clickhouse-connect (thread-pool),1,77,ping_latency
1.2422078289091587,,,,,,,clickhouse-connect (thread-pool),1,78,ping_latency
1.5768748708069324,,,,,,,clickhouse-connect (thread-pool),1,79,ping_latency
1.638040877878666,,,,,,,clickhouse-connect (thread-pool),1,80,ping_latency
1.2582088820636272,,,,,,,clickhouse-connect (thread-pool),1,81,ping_latency
1.3860003091394901,,,,,,,clickhouse-connect (thread-pool),1,82,ping_latency
1.1587077751755714,,,,,,,clickhouse-connect (thread-pool),1,83,ping_latency
1.3641668483614922,,,,,,,clickhouse-connect (thread-pool),1,84,ping_latency
1.2256670743227005,,,,,,,clickhouse-connect (thread-pool),1,85,ping_latency
1.547583844512701,,,,,,,clickhouse-connect (thread-pool),1,86,ping_latency
1.14166596904397,,,,,,,clickhouse-connect (thread-pool),1,87,ping_latency
1.1337078176438808,,,,,,,clickhouse-connect (thread-pool),1,88,ping_latency
1.2236246839165688,,,,,,,clickhouse-connect (thread-pool),1,89,ping_latency
1.2000002898275852,,,,,,,clickhouse-connect (thread-pool),1,90,ping_latency
1.1086249724030495,,,,,,,clickhouse-connect (thread-pool),1,91,ping_latency
1.365333329886198,,,,,,,clickhouse-connect (thread-pool),1,92,ping_latency
1.28070916980505,,,,,,,clickhouse-connect (thread-pool),1,93,ping_latency
1.1938330717384815,,,,,,,clickhouse-connect (thread-pool),1,94,ping_latency
1.2842081487178802,,,,,,,clickhouse-connect (thread-pool),1,95,ping_latency
1.1959588155150414,,,,,,,clickhouse-connect (thread-pool),1,96,ping_latency
1.3589579612016678,,,,,,,clickhouse-connect (thread-pool),1,97,ping_latency
1.0563749819993973,,,,,,,clickhouse-connect (thread-pool),1,98,ping_latency
1.077875029295683,,,,,,,clickhouse-connect (thread-pool),1,99,ping_latency
1.11295934766531,,,,,,,clickhouse-connect (thread-pool),1,100,ping_latency
1.264084130525589,,,,,,,clickhouse-connect (thread-pool),1,101,ping_latency
1.4415406621992588,,,,,,,clickhouse-connect (thread-pool),1,102,ping_latency
1.530833076685667,,,,,,,clickhouse-connect (thread-pool),1,103,ping_latency
1.2647081166505814,,,,,,,clickhouse-connect (thread-pool),1,104,ping_latency
1.2019588612020016,,,,,,,clickhouse-connect (thread-pool),1,105,ping_latency
1.3956669718027115,,,,,,,clickhouse-connect (thread-pool),1,106,ping_latency
1.083915587514639,,,,,,,clickhouse-connect (thread-pool),1,107,ping_latency
3.744792193174362,,,,,,,clickhouse-connect (thread-pool),1,108,ping_latency
2.1013328805565834,,,,,,,clickhouse-connect (thread-pool),1,109,ping_latency
1.7941249534487724,,,,,,,clickhouse-connect (thread-pool),1,110,ping_latency
1.8482496961951256,,,,,,,clickhouse-connect (thread-pool),1,111,ping_latency
1.8087909556925297,,,,,,,clickhouse-connect (thread-pool),1,112,ping_latency
2.414833754301071,,,,,,,clickhouse-connect (thread-pool),1,113,ping_latency
2.1322909742593765,,,,,,,clickhouse-connect (thread-pool),1,114,ping_latency
2.712791785597801,,,,,,,clickhouse-connect (thread-pool),1,115,ping_latency
2.721874974668026,,,,,,,clickhouse-connect (thread-pool),1,116,ping_latency
1.779541838914156,,,,,,,clickhouse-connect (thread-pool),1,117,ping_latency
1.8090829253196716,,,,,,,clickhouse-connect (thread-pool),1,118,ping_latency
1.900416798889637,,,,,,,clickhouse-connect (thread-pool),1,119,ping_latency
1.85308326035738,,,,,,,clickhouse-connect (thread-pool),1,120,ping_latency
1.937459222972393,,,,,,,clickhouse-connect (thread-pool),1,121,ping_latency
1.9160839729011059,,,,,,,clickhouse-connect (thread-pool),1,122,ping_latency
1.8057920970022678,,,,,,,clickhouse-connect (thread-pool),1,123,ping_latency
1.74641702324152,,,,,,,clickhouse-connect (thread-pool),1,124,ping_latency
1.8617501482367516,,,,,,,clickhouse-connect (thread-pool),1,125,ping_latency
1.782500185072422,,,,,,,clickhouse-connect (thread-pool),1,126,ping_latency
2.0811669528484344,,,,,,,clickhouse-connect (thread-pool),1,127,ping_latency
1.8687499687075615,,,,,,,clickhouse-connect (thread-pool),1,128,ping_latency
1.748416107147932,,,,,,,clickhouse-connect (thread-pool),1,129,ping_latency
1.9115419127047062,,,,,,,clickhouse-connect (thread-pool),1,130,ping_latency
2.02429061755538,,,,,,,clickhouse-connect (thread-pool),1,131,ping_latency
2.1265833638608456,,,,,,,clickhouse-connect (thread-pool),1,132,ping_latency
1.8221670761704445,,,,,,,clickhouse-connect (thread-pool),1,133,ping_latency
1.8827919848263264,,,,,,,clickhouse-connect (thread-pool),1,134,ping_latency
1.9544167444109917,,,,,,,clickhouse-connect (thread-pool),1,135,ping_latency
1.9127079285681248,,,,,,,clickhouse-connect (thread-pool),1,136,ping_latency
1.9139577634632587,,,,,,,clickhouse-connect (thread-pool),1,137,ping_latency
1.9873748533427715,,,,,,,clickhouse-connect (thread-pool),1,138,ping_latency
2.1742908284068108,,,,,,,clickhouse-connect (thread-pool),1,139,ping_latency
1.911916770040989,,,,,,,clickhouse-connect (thread-pool),1,140,ping_latency
1.7475830391049385,,,,,,,clickhouse-connect (thread-pool),1,141,ping_latency
2.226124983280897,,,,,,,clickhouse-connect (thread-pool),1,142,ping_latency
2.1788752637803555,,,,,,,clickhouse-connect (thread-pool),1,143,ping_latency
2.1191248670220375,,,,,,,clickhouse-connect (thread-pool),1,144,ping_latency
2.153458073735237,,,,,,,clickhouse-connect (thread-pool),1,145,ping_latency
2.0882911048829556,,,,,,,clickhouse-connect (thread-pool),1,146,ping_latency
2.250916324555874,,,,,,,clickhouse-connect (thread-pool),1,147,ping_latency
3.1900829635560513,,,,,,,clickhouse-connect (thread-pool),1,148,ping_latency
2.7252077125012875,,,,,,,clickhouse-connect (thread-pool),1,149,ping_latency
2.018915954977274,,,,,,,clickhouse-connect (thread-pool),1,150,ping_latency
2.0784162916243076,,,,,,,clickhouse-connect (thread-pool),1,151,ping_latency
1.931999810039997,,,,,,,clickhouse-connect (thread-pool),1,152,ping_latency
2.178541850298643,,,,,,,clickhouse-connect (thread-pool),1,153,ping_latency
2.294749952852726,,,,,,,clickhouse-connect (thread-pool),1,154,ping_latency
3.1625828705728054,,,,,,,clickhouse-connect (thread-pool),1,155,ping_latency
2.561707980930805,,,,,,,clickhouse-connect (thread-pool),1,156,ping_latency
1.897625159472227,,,,,,,clickhouse-connect (thread-pool),1,157,ping_latency
1.9322908483445644,,,,,,,clickhouse-connect (thread-pool),1,158,ping_latency
2.1755420602858067,,,,,,,clickhouse-connect (thread-pool),1,159,ping_latency
2.2110003046691418,,,,,,,clickhouse-connect (thread-pool),1,160,ping_latency
2.011291217058897,,,,,,,clickhouse-connect (thread-pool),1,161,ping_latency
2.311999909579754,,,,,,,clickhouse-connect (thread-pool),1,162,ping_latency
3.0429158359766006,,,,,,,clickhouse-connect (thread-pool),1,163,ping_latency
2.277958206832409,,,,,,,clickhouse-connect (thread-pool),1,164,ping_latency
2.484874799847603,,,,,,,clickhouse-connect (thread-pool),1,165,ping_latency
2.9151253402233124,,,,,,,clickhouse-connect (thread-pool),1,166,ping_latency
3.6147907376289368,,,,,,,clickhouse-connect (thread-pool),1,167,ping_latency
2.9462920501828194,,,,,,,clickhouse-connect (thread-pool),1,168,ping_latency
3.242666833102703,,,,,,,clickhouse-connect (thread-pool),1,169,ping_latency
2.1870420314371586,,,,,,,clickhouse-connect (thread-pool),1,170,ping_latency
1.992708072066307,,,,,,,clickhouse-connect (thread-pool),1,171,ping_latency
1.8134578131139278,,,,,,,clickhouse-connect (thread-pool),1,172,ping_latency
1.9716247916221619,,,,,,,clickhouse-connect (thread-pool),1,173,ping_latency
1.7537917010486126,,,,,,,clickhouse-connect (thread-pool),1,174,ping_latency
1.7993748188018799,,,,,,,clickhouse-connect (thread-pool),1,175,ping_latency
2.114958129823208,,,,,,,clickhouse-connect (thread-pool),1,176,ping_latency
2.0704581402242184,,,,,,,clickhouse-connect (thread-pool),1,177,ping_latency
1.9772090017795563,,,,,,,clickhouse-connect (thread-pool),1,178,ping_latency
1.799458172172308,,,,,,,clickhouse-connect (thread-pool),1,179,ping_latency
2.118125092238188,,,,,,,clickhouse-connect (thread-pool),1,180,ping_latency
1.9739172421395779,,,,,,,clickhouse-connect (thread-pool),1,181,ping_latency
1.5373746864497662,,,,,,,clickhouse-connect (thread-pool),1,182,ping_latency
1.2243748642504215,,,,,,,clickhouse-connect (thread-pool),1,183,ping_latency
1.2422921136021614,,,,,,,clickhouse-connect (thread-pool),1,184,ping_latency
1.5174588188529015,,,,,,,clickhouse-connect (thread-pool),1,185,ping_latency
1.2541250325739384,,,,,,,clickhouse-connect (thread-pool),1,186,ping_latency
1.2094592675566673,,,,,,,clickhouse-connect (thread-pool),1,187,ping_latency
1.1578327976167202,,,,,,,clickhouse-connect (thread-pool),1,188,ping_latency
1.3863337226212025,,,,,,,clickhouse-connect (thread-pool),1,189,ping_latency
1.8320418894290924,,,,,,,clickhouse-connect (thread-pool),1,190,ping_latency
2.203666139394045,,,,,,,clickhouse-connect (thread-pool),1,191,ping_latency
1.6233748756349087,,,,,,,clickhouse-connect (thread-pool),1,192,ping_latency
1.8426249735057354,,,,,,,clickhouse-connect (thread-pool),1,193,ping_latency
1.7506671138107777,,,,,,,clickhouse-connect (thread-pool),1,194,ping_latency
3.1847921200096607,,,,,,,clickhouse-connect (thread-pool),1,195,ping_latency
1.5053749084472656,,,,,,,clickhouse-connect (thread-pool),1,196,ping_latency
1.28520792350173,,,,,,,clickhouse-connect (thread-pool),1,197,ping_latency
1.5354156494140625,,,,,,,clickhouse-connect (thread-pool),1,198,ping_latency
1.3020839542150497,,,,,,,clickhouse-connect (thread-pool),1,199,ping_latency
1120.2794169075787,,,,,,,clickhouse-connect (thread-pool),1000000,0,read_throughput
1088.338625151664,,,,,,,clickhouse-connect (thread-pool),1000000,1,read_throughput
1101.5627500601113,,,,,,,clickhouse-connect (thread-pool),1000000,2,read_throughput
1097.5365829654038,,,,,,,clickhouse-connect (thread-pool),1000000,3,read_throughput
1092.3005416989326,,,,,,,clickhouse-connect (thread-pool),1000000,4,read_throughput
1094.0745826810598,,,,,,,clickhouse-connect (thread-pool),1000000,5,read_throughput
1103.3654999919236,,,,,,,clickhouse-connect (thread-pool),1000000,6,read_throughput
1140.920083038509,,,,,,,clickhouse-connect (thread-pool),1000000,7,read_throughput
1104.6351250261068,,,,,,,clickhouse-connect (thread-pool),1000000,8,read_throughput
1098.1751661747694,,,,,,,clickhouse-connect (thread-pool),1000000,9,read_throughput
101.58074973151088,,,,,,,clickhouse-connect (thread-pool),100000,0,insert_throughput
100.89479200541973,,,,,,,clickhouse-connect (thread-pool),100000,1,insert_throughput
102.00241580605507,,,,,,,clickhouse-connect (thread-pool),100000,2,insert_throughput
99.953125230968,,,,,,,clickhouse-connect (thread-pool),100000,3,insert_throughput
95.39358410984278,,,,,,,clickhouse-connect (thread-pool),100000,4,insert_throughput
91.32704185321927,,,,,,,clickhouse-connect (thread-pool),100000,5,insert_throughput
92.07816608250141,,,,,,,clickhouse-connect (thread-pool),100000,6,insert_throughput
102.46691619977355,,,,,,,clickhouse-connect (thread-pool),100000,7,insert_throughput
100.20354110747576,,,,,,,clickhouse-connect (thread-pool),100000,8,insert_throughput
96.44587524235249,,,,,,,clickhouse-connect (thread-pool),100000,9,insert_throughput
15.627915970981121,16,,,,,,clickhouse-connect (thread-pool),1600000,0,concurrent_reads
17.410417087376118,16,,,,,,clickhouse-connect (thread-pool),1600000,1,concurrent_reads
14.923957642167807,16,,,,,,clickhouse-connect (thread-pool),1600000,2,concurrent_reads
14.895541593432426,16,,,,,,clickhouse-connect (thread-pool),1600000,3,concurrent_reads
13.987417332828045,16,,,,,,clickhouse-connect (thread-pool),1600000,4,concurrent_reads
13.652374967932701,16,,,,,,clickhouse-connect (thread-pool),1600000,5,concurrent_reads
12.697583995759487,16,,,,,,clickhouse-connect (thread-pool),1600000,6,concurrent_reads
16.107582952827215,16,,,,,,clickhouse-connect (thread-pool),1600000,7,concurrent_reads
11.772250290960073,16,,,,,,clickhouse-connect (thread-pool),1600000,8,concurrent_reads
11.800500098615885,16,,,,,,clickhouse-connect (thread-pool),1600000,9,concurrent_reads
1148.2183746993542,,37.81,643.16,680.97,"[{'t_ms': 0.0, 'rss_mib': 37.81}, {'t_ms': 0.13, 'rss_mib': 37.84}, {'t_ms': 52.63, 'rss_mib': 37.89}, {'t_ms': 107.72, 'rss_mib': 38.94}, {'t_ms': 162.82, 'rss_mib': 40.98}, {'t_ms': 216.26, 'rss_mib': 42.0}, {'t_ms': 276.69, 'rss_mib': 103.94}, {'t_ms': 331.77, 'rss_mib': 156.55}, {'t_ms': 392.38, 'rss_mib': 212.91}, {'t_ms': 451.33, 'rss_mib': 258.5}, {'t_ms': 522.93, 'rss_mib': 298.59}, {'t_ms': 585.1, 'rss_mib': 337.67}, {'t_ms': 661.92, 'rss_mib': 395.25}, {'t_ms': 724.67, 'rss_mib': 435.47}, {'t_ms': 796.53, 'rss_mib': 468.02}, {'t_ms': 857.88, 'rss_mib': 528.55}, {'t_ms': 921.26, 'rss_mib': 555.0}, {'t_ms': 985.94, 'rss_mib': 612.5}, {'t_ms': 1046.0, 'rss_mib': 639.05}, {'t_ms': 1107.91, 'rss_mib': 664.59}, {'t_ms': 1148.51, 'rss_mib': 680.97}]",50.0,clickhouse-connect (thread-pool),5000000,0,memory_ceiling
1.9048750400543213,,,,,,,clickhouse-connect (native async),1,0,ping_latency
2.0015002228319645,,,,,,,clickhouse-connect (native async),1,1,ping_latency
1.7232918180525303,,,,,,,clickhouse-connect (native async),1,2,ping_latency
1.8828753381967545,,,,,,,clickhouse-connect (native async),1,3,ping_latency
1.868582796305418,,,,,,,clickhouse-connect (native async),1,4,ping_latency
1.8051671795547009,,,,,,,clickhouse-connect (native async),1,5,ping_latency
1.8160417675971985,,,,,,,clickhouse-connect (native async),1,6,ping_latency
2.325708046555519,,,,,,,clickhouse-connect (native async),1,7,ping_latency
2.2838329896330833,,,,,,,clickhouse-connect (native async),1,8,ping_latency
3.409000113606453,,,,,,,clickhouse-connect (native async),1,9,ping_latency
2.5459579192101955,,,,,,,clickhouse-connect (native async),1,10,ping_latency
1.995542086660862,,,,,,,clickhouse-connect (native async),1,11,ping_latency
1.7315829172730446,,,,,,,clickhouse-connect (native async),1,12,ping_latency
1.7957920208573341,,,,,,,clickhouse-connect (native async),1,13,ping_latency
1.7625410109758377,,,,,,,clickhouse-connect (native async),1,14,ping_latency
1.7437911592423916,,,,,,,clickhouse-connect (native async),1,15,ping_latency
1.7223330214619637,,,,,,,clickhouse-connect (native async),1,16,ping_latency
1.757209189236164,,,,,,,clickhouse-connect (native async),1,17,ping_latency
1.7710826359689236,,,,,,,clickhouse-connect (native async),1,18,ping_latency
1.8218341283500195,,,,,,,clickhouse-connect (native async),1,19,ping_latency
2.4407911114394665,,,,,,,clickhouse-connect (native async),1,20,ping_latency
1.7316658049821854,,,,,,,clickhouse-connect (native async),1,21,ping_latency
1.0857083834707737,,,,,,,clickhouse-connect (native async),1,22,ping_latency
1.0978332720696926,,,,,,,clickhouse-connect (native async),1,23,ping_latency
1.0635419748723507,,,,,,,clickhouse-connect (native async),1,24,ping_latency
1.4435001648962498,,,,,,,clickhouse-connect (native async),1,25,ping_latency
1.3987920247018337,,,,,,,clickhouse-connect (native async),1,26,ping_latency
1.3497918844223022,,,,,,,clickhouse-connect (native async),1,27,ping_latency
1.058415975421667,,,,,,,clickhouse-connect (native async),1,28,ping_latency
0.960666686296463,,,,,,,clickhouse-connect (native async),1,29,ping_latency
1.2018745765089989,,,,,,,clickhouse-connect (native async),1,30,ping_latency
0.9743329137563705,,,,,,,clickhouse-connect (native async),1,31,ping_latency
0.9322082623839378,,,,,,,clickhouse-connect (native async),1,32,ping_latency
1.052625011652708,,,,,,,clickhouse-connect (native async),1,33,ping_latency
0.9925421327352524,,,,,,,clickhouse-connect (native async),1,34,ping_latency
1.1434168554842472,,,,,,,clickhouse-connect (native async),1,35,ping_latency
1.005666796118021,,,,,,,clickhouse-connect (native async),1,36,ping_latency
1.172333024442196,,,,,,,clickhouse-connect (native async),1,37,ping_latency
0.9660418145358562,,,,,,,clickhouse-connect (native async),1,38,ping_latency
1.0274997912347317,,,,,,,clickhouse-connect (native async),1,39,ping_latency
0.9903749451041222,,,,,,,clickhouse-connect (native async),1,40,ping_latency
1.1091670021414757,,,,,,,clickhouse-connect (native async),1,41,ping_latency
1.073750201612711,,,,,,,clickhouse-connect (native async),1,42,ping_latency
1.0579158551990986,,,,,,,clickhouse-connect (native async),1,43,ping_latency
0.9222910739481449,,,,,,,clickhouse-connect (native async),1,44,ping_latency
1.0534580796957016,,,,,,,clickhouse-connect (native async),1,45,ping_latency
0.9949156083166599,,,,,,,clickhouse-connect (native async),1,46,ping_latency
1.036458183079958,,,,,,,clickhouse-connect (native async),1,47,ping_latency
1.1120839044451714,,,,,,,clickhouse-connect (native async),1,48,ping_latency
0.9767082519829273,,,,,,,clickhouse-connect (native async),1,49,ping_latency
0.9977919980883598,,,,,,,clickhouse-connect (native async),1,50,ping_latency
0.9293328039348125,,,,,,,clickhouse-connect (native async),1,51,ping_latency
1.0432498529553413,,,,,,,clickhouse-connect (native async),1,52,ping_latency
0.9099580347537994,,,,,,,clickhouse-connect (native async),1,53,ping_latency
0.9019589051604271,,,,,,,clickhouse-connect (native async),1,54,ping_latency
0.9469999931752682,,,,,,,clickhouse-connect (native async),1,55,ping_latency
1.0475409217178822,,,,,,,clickhouse-connect (native async),1,56,ping_latency
0.8810409344732761,,,,,,,clickhouse-connect (native async),1,57,ping_latency
1.0569170117378235,,,,,,,clickhouse-connect (native async),1,58,ping_latency
0.8944589644670486,,,,,,,clickhouse-connect (native async),1,59,ping_latency
0.9252908639609814,,,,,,,clickhouse-connect (native async),1,60,ping_latency
0.9591248817741871,,,,,,,clickhouse-connect (native async),1,61,ping_latency
0.9467499330639839,,,,,,,clickhouse-connect (native async),1,62,ping_latency
0.971584115177393,,,,,,,clickhouse-connect (native async),1,63,ping_latency
0.9168749675154686,,,,,,,clickhouse-connect (native async),1,64,ping_latency
1.031041145324707,,,,,,,clickhouse-connect (native async),1,65,ping_latency
1.115958672016859,,,,,,,clickhouse-connect (native async),1,66,ping_latency
1.17508415132761,,,,,,,clickhouse-connect (native async),1,67,ping_latency
1.1912495829164982,,,,,,,clickhouse-connect (native async),1,68,ping_latency
0.881916843354702,,,,,,,clickhouse-connect (native async),1,69,ping_latency
1.071749720722437,,,,,,,clickhouse-connect (native async),1,70,ping_latency
1.1073751375079155,,,,,,,clickhouse-connect (native async),1,71,ping_latency
1.2471252121031284,,,,,,,clickhouse-connect (native async),1,72,ping_latency
1.0856669396162033,,,,,,,clickhouse-connect (native async),1,73,ping_latency
1.0223337449133396,,,,,,,clickhouse-connect (native async),1,74,ping_latency
0.9819171391427517,,,,,,,clickhouse-connect (native async),1,75,ping_latency
0.9740423411130905,,,,,,,clickhouse-connect (native async),1,76,ping_latency
1.213165931403637,,,,,,,clickhouse-connect (native async),1,77,ping_latency
1.6916673630475998,,,,,,,clickhouse-connect (native async),1,78,ping_latency
1.6481252387166023,,,,,,,clickhouse-connect (native async),1,79,ping_latency
1.6555837355554104,,,,,,,clickhouse-connect (native async),1,80,ping_latency
2.724291291087866,,,,,,,clickhouse-connect (native async),1,81,ping_latency
1.9809165969491005,,,,,,,clickhouse-connect (native async),1,82,ping_latency
1.1617918498814106,,,,,,,clickhouse-connect (native async),1,83,ping_latency
1.1214576661586761,,,,,,,clickhouse-connect (native async),1,84,ping_latency
1.1344589293003082,,,,,,,clickhouse-connect (native async),1,85,ping_latency
1.1471249163150787,,,,,,,clickhouse-connect (native async),1,86,ping_latency
1.1192080564796925,,,,,,,clickhouse-connect (native async),1,87,ping_latency
1.318083144724369,,,,,,,clickhouse-connect (native async),1,88,ping_latency
1.103375107049942,,,,,,,clickhouse-connect (native async),1,89,ping_latency
1.101708970963955,,,,,,,clickhouse-connect (native async),1,90,ping_latency
1.046665944159031,,,,,,,clickhouse-connect (native async),1,91,ping_latency
1.1988338083028793,,,,,,,clickhouse-connect (native async),1,92,ping_latency
1.0477923788130283,,,,,,,clickhouse-connect (native async),1,93,ping_latency
0.9375838562846184,,,,,,,clickhouse-connect (native async),1,94,ping_latency
1.037917099893093,,,,,,,clickhouse-connect (native async),1,95,ping_latency
0.9533748961985111,,,,,,,clickhouse-connect (native async),1,96,ping_latency
1.0549169965088367,,,,,,,clickhouse-connect (native async),1,97,ping_latency
0.9955000132322311,,,,,,,clickhouse-connect (native async),1,98,ping_latency
1.0364172048866749,,,,,,,clickhouse-connect (native async),1,99,ping_latency
1.0781250894069672,,,,,,,clickhouse-connect (native async),1,100,ping_latency
1.0820003226399422,,,,,,,clickhouse-connect (native async),1,101,ping_latency
1.0813749395310879,,,,,,,clickhouse-connect (native async),1,102,ping_latency
1.1079581454396248,,,,,,,clickhouse-connect (native async),1,103,ping_latency
1.1136671528220177,,,,,,,clickhouse-connect (native async),1,104,ping_latency
0.9528752416372299,,,,,,,clickhouse-connect (native async),1,105,ping_latency
1.0141250677406788,,,,,,,clickhouse-connect (native async),1,106,ping_latency
0.8733333088457584,,,,,,,clickhouse-connect (native async),1,107,ping_latency
0.9187911637127399,,,,,,,clickhouse-connect (native async),1,108,ping_latency
0.9456672705709934,,,,,,,clickhouse-connect (native async),1,109,ping_latency
0.9598750621080399,,,,,,,clickhouse-connect (native async),1,110,ping_latency
1.003124751150608,,,,,,,clickhouse-connect (native async),1,111,ping_latency
1.0448331013321877,,,,,,,clickhouse-connect (native async),1,112,ping_latency
1.0449159890413284,,,,,,,clickhouse-connect (native async),1,113,ping_latency
0.9162500500679016,,,,,,,clickhouse-connect (native async),1,114,ping_latency
1.1072088964283466,,,,,,,clickhouse-connect (native async),1,115,ping_latency
0.9532920084893703,,,,,,,clickhouse-connect (native async),1,116,ping_latency
1.0174158960580826,,,,,,,clickhouse-connect (native async),1,117,ping_latency
0.9586252272129059,,,,,,,clickhouse-connect (native async),1,118,ping_latency
0.888375099748373,,,,,,,clickhouse-connect (native async),1,119,ping_latency
0.9292499162256718,,,,,,,clickhouse-connect (native async),1,120,ping_latency
0.9321672841906548,,,,,,,clickhouse-connect (native async),1,121,ping_latency
0.9964578785002232,,,,,,,clickhouse-connect (native async),1,122,ping_latency
1.0064588859677315,,,,,,,clickhouse-connect (native async),1,123,ping_latency
0.9742090478539467,,,,,,,clickhouse-connect (native async),1,124,ping_latency
0.8747498504817486,,,,,,,clickhouse-connect (native async),1,125,ping_latency
0.8750418201088905,,,,,,,clickhouse-connect (native async),1,126,ping_latency
0.9006252512335777,,,,,,,clickhouse-connect (native async),1,127,ping_latency
0.9000422433018684,,,,,,,clickhouse-connect (native async),1,128,ping_latency
0.9359158575534821,,,,,,,clickhouse-connect (native async),1,129,ping_latency
0.9696250781416893,,,,,,,clickhouse-connect (native async),1,130,ping_latency
1.05179101228714,,,,,,,clickhouse-connect (native async),1,131,ping_latency
1.105666160583496,,,,,,,clickhouse-connect (native async),1,132,ping_latency
0.9213751181960106,,,,,,,clickhouse-connect (native async),1,133,ping_latency
0.967749860137701,,,,,,,clickhouse-connect (native async),1,134,ping_latency
0.9902077727019787,,,,,,,clickhouse-connect (native async),1,135,ping_latency
1.053625252097845,,,,,,,clickhouse-connect (native async),1,136,ping_latency
1.263124868273735,,,,,,,clickhouse-connect (native async),1,137,ping_latency
1.2293332256376743,,,,,,,clickhouse-connect (native async),1,138,ping_latency
1.1014998890459538,,,,,,,clickhouse-connect (native async),1,139,ping_latency
0.9758751839399338,,,,,,,clickhouse-connect (native async),1,140,ping_latency
1.1047916486859322,,,,,,,clickhouse-connect (native async),1,141,ping_latency
0.991415698081255,,,,,,,clickhouse-connect (native async),1,142,ping_latency
1.0842499323189259,,,,,,,clickhouse-connect (native async),1,143,ping_latency
0.9419587440788746,,,,,,,clickhouse-connect (native async),1,144,ping_latency
1.0862918570637703,,,,,,,clickhouse-connect (native async),1,145,ping_latency
1.0228343307971954,,,,,,,clickhouse-connect (native async),1,146,ping_latency
0.8914167992770672,,,,,,,clickhouse-connect (native async),1,147,ping_latency
1.0553332976996899,,,,,,,clickhouse-connect (native async),1,148,ping_latency
0.9787078015506268,,,,,,,clickhouse-connect (native async),1,149,ping_latency
0.9596250019967556,,,,,,,clickhouse-connect (native async),1,150,ping_latency
1.108790747821331,,,,,,,clickhouse-connect (native async),1,151,ping_latency
0.9595002047717571,,,,,,,clickhouse-connect (native async),1,152,ping_latency
0.9103328920900822,,,,,,,clickhouse-connect (native async),1,153,ping_latency
0.9417911060154438,,,,,,,clickhouse-connect (native async),1,154,ping_latency
1.0048327967524529,,,,,,,clickhouse-connect (native async),1,155,ping_latency
1.1459579691290855,,,,,,,clickhouse-connect (native async),1,156,ping_latency
1.0102922096848488,,,,,,,clickhouse-connect (native async),1,157,ping_latency
1.0760826990008354,,,,,,,clickhouse-connect (native async),1,158,ping_latency
0.912708230316639,,,,,,,clickhouse-connect (native async),1,159,ping_latency
0.9132078848779202,,,,,,,clickhouse-connect (native async),1,160,ping_latency
0.9539169259369373,,,,,,,clickhouse-connect (native async),1,161,ping_latency
0.9812498465180397,,,,,,,clickhouse-connect (native async),1,162,ping_latency
1.1016670614480972,,,,,,,clickhouse-connect (native async),1,163,ping_latency
1.0273749940097332,,,,,,,clickhouse-connect (native async),1,164,ping_latency
1.0502501390874386,,,,,,,clickhouse-connect (native async),1,165,ping_latency
0.9246659465134144,,,,,,,clickhouse-connect (native async),1,166,ping_latency
0.9519592858850956,,,,,,,clickhouse-connect (native async),1,167,ping_latency
0.889624934643507,,,,,,,clickhouse-connect (native async),1,168,ping_latency
0.9508747607469559,,,,,,,clickhouse-connect (native async),1,169,ping_latency
0.9496249258518219,,,,,,,clickhouse-connect (native async),1,170,ping_latency
0.9472090750932693,,,,,,,clickhouse-connect (native async),1,171,ping_latency
0.8804588578641415,,,,,,,clickhouse-connect (native async),1,172,ping_latency
0.9222091175615788,,,,,,,clickhouse-connect (native async),1,173,ping_latency
0.9627081453800201,,,,,,,clickhouse-connect (native async),1,174,ping_latency
0.9703747928142548,,,,,,,clickhouse-connect (native async),1,175,ping_latency
0.9787501767277718,,,,,,,clickhouse-connect (native async),1,176,ping_latency
0.9140828624367714,,,,,,,clickhouse-connect (native async),1,177,ping_latency
0.9230831637978554,,,,,,,clickhouse-connect (native async),1,178,ping_latency
1.0360833257436752,,,,,,,clickhouse-connect (native async),1,179,ping_latency
0.93074981123209,,,,,,,clickhouse-connect (native async),1,180,ping_latency
0.9434157982468605,,,,,,,clickhouse-connect (native async),1,181,ping_latency
0.9755417704582214,,,,,,,clickhouse-connect (native async),1,182,ping_latency
1.025291159749031,,,,,,,clickhouse-connect (native async),1,183,ping_latency
1.1840001679956913,,,,,,,clickhouse-connect (native async),1,184,ping_latency
1.4617922715842724,,,,,,,clickhouse-connect (native async),1,185,ping_latency
1.319041009992361,,,,,,,clickhouse-connect (native async),1,186,ping_latency
1.14137539640069,,,,,,,clickhouse-connect (native async),1,187,ping_latency
1.0500000789761543,,,,,,,clickhouse-connect (native async),1,188,ping_latency
0.983500387519598,,,,,,,clickhouse-connect (native async),1,189,ping_latency
0.9030411019921303,,,,,,,clickhouse-connect (native async),1,190,ping_latency
1.0200832039117813,,,,,,,clickhouse-connect (native async),1,191,ping_latency
0.9312909096479416,,,,,,,clickhouse-connect (native async),1,192,ping_latency
0.9694579057395458,,,,,,,clickhouse-connect (native async),1,193,ping_latency
0.9410837665200233,,,,,,,clickhouse-connect (native async),1,194,ping_latency
0.9958329610526562,,,,,,,clickhouse-connect (native async),1,195,ping_latency
1.0413327254354954,,,,,,,clickhouse-connect (native async),1,196,ping_latency
1.149917021393776,,,,,,,clickhouse-connect (native async),1,197,ping_latency
1.0358341969549656,,,,,,,clickhouse-connect (native async),1,198,ping_latency
1.1674999259412289,,,,,,,clickhouse-connect (native async),1,199,ping_latency
329.12970799952745,,,,,,,clickhouse-connect (native async),1000000,0,read_throughput
333.37537525221705,,,,,,,clickhouse-connect (native async),1000000,1,read_throughput
329.3938748538494,,,,,,,clickhouse-connect (native async),1000000,2,read_throughput
332.56737515330315,,,,,,,clickhouse-connect (native async),1000000,3,read_throughput
328.0922919511795,,,,,,,clickhouse-connect (native async),1000000,4,read_throughput
338.8944170437753,,,,,,,clickhouse-connect (native async),1000000,5,read_throughput
324.54583421349525,,,,,,,clickhouse-connect (native async),1000000,6,read_throughput
327.2852501831949,,,,,,,clickhouse-connect (native async),1000000,7,read_throughput
333.66241585463285,,,,,,,clickhouse-connect (native async),1000000,8,read_throughput
331.2804168090224,,,,,,,clickhouse-connect (native async),1000000,9,read_throughput
106.94104107096791,,,,,,,clickhouse-connect (native async),100000,0,insert_throughput
104.28620921447873,,,,,,,clickhouse-connect (native async),100000,1,insert_throughput
103.55600016191602,,,,,,,clickhouse-connect (native async),100000,2,insert_throughput
94.865458086133,,,,,,,clickhouse-connect (native async),100000,3,insert_throughput
95.63437523320317,,,,,,,clickhouse-connect (native async),100000,4,insert_throughput
104.11387495696545,,,,,,,clickhouse-connect (native async),100000,5,insert_throughput
95.44770885258913,,,,,,,clickhouse-connect (native async),100000,6,insert_throughput
106.18933290243149,,,,,,,clickhouse-connect (native async),100000,7,insert_throughput
102.16766688972712,,,,,,,clickhouse-connect (native async),100000,8,insert_throughput
103.72891742736101,,,,,,,clickhouse-connect (native async),100000,9,insert_throughput
54.3633340857923,16,,,,,,clickhouse-connect (native async),1600000,0,concurrent_reads
57.72649962455034,16,,,,,,clickhouse-connect (native async),1600000,1,concurrent_reads
57.18079209327698,16,,,,,,clickhouse-connect (native async),1600000,2,concurrent_reads
63.115791883319616,16,,,,,,clickhouse-connect (native async),1600000,3,concurrent_reads
52.023583091795444,16,,,,,,clickhouse-connect (native async),1600000,4,concurrent_reads
59.543624985963106,16,,,,,,clickhouse-connect (native async),1600000,5,concurrent_reads
56.740166153758764,16,,,,,,clickhouse-connect (native async),1600000,6,concurrent_reads
53.332332987338305,16,,,,,,clickhouse-connect (native async),1600000,7,concurrent_reads
54.38070930540562,16,,,,,,clickhouse-connect (native async),1600000,8,concurrent_reads
49.76654192432761,16,,,,,,clickhouse-connect (native async),1600000,9,concurrent_reads
1176.4827920123935,,48.64,526.59,575.23,"[{'t_ms': 0.0, 'rss_mib': 48.64}, {'t_ms': 0.11, 'rss_mib': 48.67}, {'t_ms': 52.11, 'rss_mib': 48.67}, {'t_ms': 104.39, 'rss_mib': 48.67}, {'t_ms': 168.36, 'rss_mib': 90.0}, {'t_ms': 226.93, 'rss_mib': 128.58}, {'t_ms': 282.0, 'rss_mib': 164.62}, {'t_ms': 342.93, 'rss_mib': 203.77}, {'t_ms': 414.6, 'rss_mib': 244.73}, {'t_ms': 487.73, 'rss_mib': 285.33}, {'t_ms': 559.77, 'rss_mib': 324.38}, {'t_ms': 615.04, 'rss_mib': 350.95}, {'t_ms': 672.66, 'rss_mib': 377.0}, {'t_ms': 730.17, 'rss_mib': 403.03}, {'t_ms': 791.35, 'rss_mib': 428.58}, {'t_ms': 858.72, 'rss_mib': 454.67}, {'t_ms': 924.31, 'rss_mib': 480.72}, {'t_ms': 992.88, 'rss_mib': 506.75}, {'t_ms': 1061.27, 'rss_mib': 532.8}, {'t_ms': 1136.32, 'rss_mib': 558.84}, {'t_ms': 1176.73, 'rss_mib': 575.23}]",50.0,clickhouse-connect (native async),5000000,0,memory_ceiling
1.7960001714527607,,,,,,,asynch (PyPI),1,0,ping_latency
1.926833763718605,,,,,,,asynch (PyPI),1,1,ping_latency
1.6089160926640034,,,,,,,asynch (PyPI),1,2,ping_latency
1.6989996656775475,,,,,,,asynch (PyPI),1,3,ping_latency
1.4503328129649162,,,,,,,asynch (PyPI),1,4,ping_latency
1.3447911478579044,,,,,,,asynch (PyPI),1,5,ping_latency
1.4494173228740692,,,,,,,asynch (PyPI),1,6,ping_latency
1.3516247272491455,,,,,,,asynch (PyPI),1,7,ping_latency
1.2314580380916595,,,,,,,asynch (PyPI),1,8,ping_latency
1.3460838235914707,,,,,,,asynch (PyPI),1,9,ping_latency
1.2403330765664577,,,,,,,asynch (PyPI),1,10,ping_latency
1.2862090952694416,,,,,,,asynch (PyPI),1,11,ping_latency
1.4276248402893543,,,,,,,asynch (PyPI),1,12,ping_latency
1.2757922522723675,,,,,,,asynch (PyPI),1,13,ping_latency
1.260584220290184,,,,,,,asynch (PyPI),1,14,ping_latency
1.32695771753788,,,,,,,asynch (PyPI),1,15,ping_latency
1.4474582858383656,,,,,,,asynch (PyPI),1,16,ping_latency
1.3922909274697304,,,,,,,asynch (PyPI),1,17,ping_latency
1.3175420463085175,,,,,,,asynch (PyPI),1,18,ping_latency
1.3244575820863247,,,,,,,asynch (PyPI),1,19,ping_latency
1.226208172738552,,,,,,,asynch (PyPI),1,20,ping_latency
1.257666852325201,,,,,,,asynch (PyPI),1,21,ping_latency
1.2377500534057617,,,,,,,asynch (PyPI),1,22,ping_latency
1.2096250429749489,,,,,,,asynch (PyPI),1,23,ping_latency
1.291834283620119,,,,,,,asynch (PyPI),1,24,ping_latency
1.2784996069967747,,,,,,,asynch (PyPI),1,25,ping_latency
1.3111657463014126,,,,,,,asynch (PyPI),1,26,ping_latency
1.3110004365444183,,,,,,,asynch (PyPI),1,27,ping_latency
1.2655830942094326,,,,,,,asynch (PyPI),1,28,ping_latency
1.2695412151515484,,,,,,,asynch (PyPI),1,29,ping_latency
1.2264582328498363,,,,,,,asynch (PyPI),1,30,ping_latency
1.2857923284173012,,,,,,,asynch (PyPI),1,31,ping_latency
1.387875061482191,,,,,,,asynch (PyPI),1,32,ping_latency
1.4808331616222858,,,,,,,asynch (PyPI),1,33,ping_latency
1.3743750751018524,,,,,,,asynch (PyPI),1,34,ping_latency
1.2614168226718903,,,,,,,asynch (PyPI),1,35,ping_latency
1.4264998026192188,,,,,,,asynch (PyPI),1,36,ping_latency
1.271749846637249,,,,,,,asynch (PyPI),1,37,ping_latency
1.6531669534742832,,,,,,,asynch (PyPI),1,38,ping_latency
1.3141250237822533,,,,,,,asynch (PyPI),1,39,ping_latency
1.3549583964049816,,,,,,,asynch (PyPI),1,40,ping_latency
1.3943747617304325,,,,,,,asynch (PyPI),1,41,ping_latency
1.2735840864479542,,,,,,,asynch (PyPI),1,42,ping_latency
1.3345829211175442,,,,,,,asynch (PyPI),1,43,ping_latency
1.298499759286642,,,,,,,asynch (PyPI),1,44,ping_latency
1.325750257819891,,,,,,,asynch (PyPI),1,45,ping_latency
1.3146661221981049,,,,,,,asynch (PyPI),1,46,ping_latency
1.5249168500304222,,,,,,,asynch (PyPI),1,47,ping_latency
1.4690421521663666,,,,,,,asynch (PyPI),1,48,ping_latency
1.4405003748834133,,,,,,,asynch (PyPI),1,49,ping_latency
1.2782500125467777,,,,,,,asynch (PyPI),1,50,ping_latency
1.2242905795574188,,,,,,,asynch (PyPI),1,51,ping_latency
1.3328343629837036,,,,,,,asynch (PyPI),1,52,ping_latency
1.2515000998973846,,,,,,,asynch (PyPI),1,53,ping_latency
1.3090409338474274,,,,,,,asynch (PyPI),1,54,ping_latency
1.3641249388456345,,,,,,,asynch (PyPI),1,55,ping_latency
1.1948752216994762,,,,,,,asynch (PyPI),1,56,ping_latency
1.2407917529344559,,,,,,,asynch (PyPI),1,57,ping_latency
1.1852090246975422,,,,,,,asynch (PyPI),1,58,ping_latency
1.2967921793460846,,,,,,,asynch (PyPI),1,59,ping_latency
1.2184581719338894,,,,,,,asynch (PyPI),1,60,ping_latency
1.2455000542104244,,,,,,,asynch (PyPI),1,61,ping_latency
1.1953748762607574,,,,,,,asynch (PyPI),1,62,ping_latency
1.2455410324037075,,,,,,,asynch (PyPI),1,63,ping_latency
1.3948329724371433,,,,,,,asynch (PyPI),1,64,ping_latency
1.3516247272491455,,,,,,,asynch (PyPI),1,65,ping_latency
1.28166563808918,,,,,,,asynch (PyPI),1,66,ping_latency
1.3616252690553665,,,,,,,asynch (PyPI),1,67,ping_latency
1.1530001647770405,,,,,,,asynch (PyPI),1,68,ping_latency
1.198417041450739,,,,,,,asynch (PyPI),1,69,ping_latency
1.2051663361489773,,,,,,,asynch (PyPI),1,70,ping_latency
1.2526251375675201,,,,,,,asynch (PyPI),1,71,ping_latency
1.163584180176258,,,,,,,asynch (PyPI),1,72,ping_latency
1.1610412038862705,,,,,,,asynch (PyPI),1,73,ping_latency
1.2176251038908958,,,,,,,asynch (PyPI),1,74,ping_latency
1.2739170342683792,,,,,,,asynch (PyPI),1,75,ping_latency
1.1819996871054173,,,,,,,asynch (PyPI),1,76,ping_latency
1.3887924142181873,,,,,,,asynch (PyPI),1,77,ping_latency
1.4720829203724861,,,,,,,asynch (PyPI),1,78,ping_latency
1.3597500510513783,,,,,,,asynch (PyPI),1,79,ping_latency
1.2782090343534946,,,,,,,asynch (PyPI),1,80,ping_latency
1.3042502105236053,,,,,,,asynch (PyPI),1,81,ping_latency
1.3590422458946705,,,,,,,asynch (PyPI),1,82,ping_latency
1.275292132049799,,,,,,,asynch (PyPI),1,83,ping_latency
1.3858750462532043,,,,,,,asynch (PyPI),1,84,ping_latency
1.2644589878618717,,,,,,,asynch (PyPI),1,85,ping_latency
1.3769585639238358,,,,,,,asynch (PyPI),1,86,ping_latency
1.3770409859716892,,,,,,,asynch (PyPI),1,87,ping_latency
1.4547500759363174,,,,,,,asynch (PyPI),1,88,ping_latency
1.3325829058885574,,,,,,,asynch (PyPI),1,89,ping_latency
1.3582082465291023,,,,,,,asynch (PyPI),1,90,ping_latency
1.4559999108314514,,,,,,,asynch (PyPI),1,91,ping_latency
1.6859578900039196,,,,,,,asynch (PyPI),1,92,ping_latency
1.4432077296078205,,,,,,,asynch (PyPI),1,93,ping_latency
1.3699163682758808,,,,,,,asynch (PyPI),1,94,ping_latency
1.5592919662594795,,,,,,,asynch (PyPI),1,95,ping_latency
1.41054205596447,,,,,,,asynch (PyPI),1,96,ping_latency
1.458166167140007,,,,,,,asynch (PyPI),1,97,ping_latency
1.4991657808423042,,,,,,,asynch (PyPI),1,98,ping_latency
1.3337922282516956,,,,,,,asynch (PyPI),1,99,ping_latency
2.376916818320751,,,,,,,asynch (PyPI),1,100,ping_latency
1.6620419919490814,,,,,,,asynch (PyPI),1,101,ping_latency
1.6337078996002674,,,,,,,asynch (PyPI),1,102,ping_latency
2.18475004658103,,,,,,,asynch (PyPI),1,103,ping_latency
2.0623751915991306,,,,,,,asynch (PyPI),1,104,ping_latency
1.3845418579876423,,,,,,,asynch (PyPI),1,105,ping_latency
1.2901248410344124,,,,,,,asynch (PyPI),1,106,ping_latency
1.4362502843141556,,,,,,,asynch (PyPI),1,107,ping_latency
1.3886671513319016,,,,,,,asynch (PyPI),1,108,ping_latency
1.257165800780058,,,,,,,asynch (PyPI),1,109,ping_latency
1.2902501039206982,,,,,,,asynch (PyPI),1,110,ping_latency
1.254791859537363,,,,,,,asynch (PyPI),1,111,ping_latency
1.3100001960992813,,,,,,,asynch (PyPI),1,112,ping_latency
1.3384157791733742,,,,,,,asynch (PyPI),1,113,ping_latency
1.3168328441679478,,,,,,,asynch (PyPI),1,114,ping_latency
1.2022503651678562,,,,,,,asynch (PyPI),1,115,ping_latency
1.1435826309025288,,,,,,,asynch (PyPI),1,116,ping_latency
1.219500321894884,,,,,,,asynch (PyPI),1,117,ping_latency
1.1504171416163445,,,,,,,asynch (PyPI),1,118,ping_latency
1.2954999692738056,,,,,,,asynch (PyPI),1,119,ping_latency
1.1424166150391102,,,,,,,asynch (PyPI),1,120,ping_latency
1.2275408953428268,,,,,,,asynch (PyPI),1,121,ping_latency
1.193916890770197,,,,,,,asynch (PyPI),1,122,ping_latency
1.1597909033298492,,,,,,,asynch (PyPI),1,123,ping_latency
1.2503750622272491,,,,,,,asynch (PyPI),1,124,ping_latency
1.206334214657545,,,,,,,asynch (PyPI),1,125,ping_latency
1.348583959043026,,,,,,,asynch (PyPI),1,126,ping_latency
1.3460000045597553,,,,,,,asynch (PyPI),1,127,ping_latency
1.2221247889101505,,,,,,,asynch (PyPI),1,128,ping_latency
1.2091672979295254,,,,,,,asynch (PyPI),1,129,ping_latency
1.2750830501317978,,,,,,,asynch (PyPI),1,130,ping_latency
1.3022501952946186,,,,,,,asynch (PyPI),1,131,ping_latency
1.321875024586916,,,,,,,asynch (PyPI),1,132,ping_latency
1.231000293046236,,,,,,,asynch (PyPI),1,133,ping_latency
1.1743339709937572,,,,,,,asynch (PyPI),1,134,ping_latency
1.2707076966762543,,,,,,,asynch (PyPI),1,135,ping_latency
1.115208026021719,,,,,,,asynch (PyPI),1,136,ping_latency
1.1707497760653496,,,,,,,asynch (PyPI),1,137,ping_latency
1.2681251391768456,,,,,,,asynch (PyPI),1,138,ping_latency
1.1515002697706223,,,,,,,asynch (PyPI),1,139,ping_latency
1.2684999965131283,,,,,,,asynch (PyPI),1,140,ping_latency
1.1947499588131905,,,,,,,asynch (PyPI),1,141,ping_latency
1.2629590928554535,,,,,,,asynch (PyPI),1,142,ping_latency
1.2562088668346405,,,,,,,asynch (PyPI),1,143,ping_latency
1.2307078577578068,,,,,,,asynch (PyPI),1,144,ping_latency
1.4515412040054798,,,,,,,asynch (PyPI),1,145,ping_latency
1.2969160452485085,,,,,,,asynch (PyPI),1,146,ping_latency
1.2725829146802425,,,,,,,asynch (PyPI),1,147,ping_latency
1.2800837866961956,,,,,,,asynch (PyPI),1,148,ping_latency
1.2452499940991402,,,,,,,asynch (PyPI),1,149,ping_latency
1.3433750718832016,,,,,,,asynch (PyPI),1,150,ping_latency
1.3117920607328415,,,,,,,asynch (PyPI),1,151,ping_latency
1.2463750317692757,,,,,,,asynch (PyPI),1,152,ping_latency
1.2179161421954632,,,,,,,asynch (PyPI),1,153,ping_latency
1.3059587217867374,,,,,,,asynch (PyPI),1,154,ping_latency
1.3365419581532478,,,,,,,asynch (PyPI),1,155,ping_latency
1.2414995580911636,,,,,,,asynch (PyPI),1,156,ping_latency
1.2268749997019768,,,,,,,asynch (PyPI),1,157,ping_latency
1.185708213597536,,,,,,,asynch (PyPI),1,158,ping_latency
1.3175420463085175,,,,,,,asynch (PyPI),1,159,ping_latency
1.2298328801989555,,,,,,,asynch (PyPI),1,160,ping_latency
1.1707921512424946,,,,,,,asynch (PyPI),1,161,ping_latency
1.192416064441204,,,,,,,asynch (PyPI),1,162,ping_latency
1.2317500077188015,,,,,,,asynch (PyPI),1,163,ping_latency
1.1879997327923775,,,,,,,asynch (PyPI),1,164,ping_latency
1.142582856118679,,,,,,,asynch (PyPI),1,165,ping_latency
1.265374943614006,,,,,,,asynch (PyPI),1,166,ping_latency
1.169291790574789,,,,,,,asynch (PyPI),1,167,ping_latency
1.249958761036396,,,,,,,asynch (PyPI),1,168,ping_latency
1.2991661205887794,,,,,,,asynch (PyPI),1,169,ping_latency
1.2021251022815704,,,,,,,asynch (PyPI),1,170,ping_latency
1.2207087129354477,,,,,,,asynch (PyPI),1,171,ping_latency
1.2656250037252903,,,,,,,asynch (PyPI),1,172,ping_latency
1.1956249363720417,,,,,,,asynch (PyPI),1,173,ping_latency
1.3060420751571655,,,,,,,asynch (PyPI),1,174,ping_latency
1.4402912929654121,,,,,,,asynch (PyPI),1,175,ping_latency
1.9664159044623375,,,,,,,asynch (PyPI),1,176,ping_latency
1.3385000638663769,,,,,,,asynch (PyPI),1,177,ping_latency
1.294541172683239,,,,,,,asynch (PyPI),1,178,ping_latency
1.216250006109476,,,,,,,asynch (PyPI),1,179,ping_latency
1.471374649554491,,,,,,,asynch (PyPI),1,180,ping_latency
1.4525828883051872,,,,,,,asynch (PyPI),1,181,ping_latency
1.4665829949080944,,,,,,,asynch (PyPI),1,182,ping_latency
1.5203328803181648,,,,,,,asynch (PyPI),1,183,ping_latency
1.4827498234808445,,,,,,,asynch (PyPI),1,184,ping_latency
1.447542104870081,,,,,,,asynch (PyPI),1,185,ping_latency
1.2566656805574894,,,,,,,asynch (PyPI),1,186,ping_latency
1.3431250117719173,,,,,,,asynch (PyPI),1,187,ping_latency
1.5972084365785122,,,,,,,asynch (PyPI),1,188,ping_latency
1.554624643176794,,,,,,,asynch (PyPI),1,189,ping_latency
1.2252917513251305,,,,,,,asynch (PyPI),1,190,ping_latency
1.4739157631993294,,,,,,,asynch (PyPI),1,191,ping_latency
1.366166863590479,,,,,,,asynch (PyPI),1,192,ping_latency
1.3143331743776798,,,,,,,asynch (PyPI),1,193,ping_latency
1.2322920374572277,,,,,,,asynch (PyPI),1,194,ping_latency
1.299290917813778,,,,,,,asynch (PyPI),1,195,ping_latency
1.3918331824243069,,,,,,,asynch (PyPI),1,196,ping_latency
1.394249964505434,,,,,,,asynch (PyPI),1,197,ping_latency
1.3439171016216278,,,,,,,asynch (PyPI),1,198,ping_latency
1.2808339670300484,,,,,,,asynch (PyPI),1,199,ping_latency
2044.788207858801,,,,,,,asynch (PyPI),1000000,0,read_throughput
1998.3325828798115,,,,,,,asynch (PyPI),1000000,1,read_throughput
1995.4387503676116,,,,,,,asynch (PyPI),1000000,2,read_throughput
2001.261292025447,,,,,,,asynch (PyPI),1000000,3,read_throughput
2011.5109998732805,,,,,,,asynch (PyPI),1000000,4,read_throughput
2034.663415979594,,,,,,,asynch (PyPI),1000000,5,read_throughput
2043.0746250785887,,,,,,,asynch (PyPI),1000000,6,read_throughput
2007.0868749171495,,,,,,,asynch (PyPI),1000000,7,read_throughput
2000.3877081908286,,,,,,,asynch (PyPI),1000000,8,read_throughput
2010.8927078545094,,,,,,,asynch (PyPI),1000000,9,read_throughput
146.5242919512093,,,,,,,asynch (PyPI),100000,0,insert_throughput
128.67758283391595,,,,,,,asynch (PyPI),100000,1,insert_throughput
132.1513750590384,,,,,,,asynch (PyPI),100000,2,insert_throughput
128.12308268621564,,,,,,,asynch (PyPI),100000,3,insert_throughput
154.18812492862344,,,,,,,asynch (PyPI),100000,4,insert_throughput
139.65462520718575,,,,,,,asynch (PyPI),100000,5,insert_throughput
138.88445915654302,,,,,,,asynch (PyPI),100000,6,insert_throughput
128.3742501400411,,,,,,,asynch (PyPI),100000,7,insert_throughput
136.9818332605064,,,,,,,asynch (PyPI),100000,8,insert_throughput
136.02099986746907,,,,,,,asynch (PyPI),100000,9,insert_throughput
16.601291950792074,16,,,,,,asynch (PyPI),1600000,0,concurrent_reads
17.065125051885843,16,,,,,,asynch (PyPI),1600000,1,concurrent_reads
15.355042181909084,16,,,,,,asynch (PyPI),1600000,2,concurrent_reads
17.959625460207462,16,,,,,,asynch (PyPI),1600000,3,concurrent_reads
15.261334367096424,16,,,,,,asynch (PyPI),1600000,4,concurrent_reads
15.794083010405302,16,,,,,,asynch (PyPI),1600000,5,concurrent_reads
15.616999939084053,16,,,,,,asynch (PyPI),1600000,6,concurrent_reads
12.313959188759327,16,,,,,,asynch (PyPI),1600000,7,concurrent_reads
13.459957670420408,16,,,,,,asynch (PyPI),1600000,8,concurrent_reads
14.278416987508535,16,,,,,,asynch (PyPI),1600000,9,concurrent_reads
777.4655418470502,,30.94,501.92,532.86,"[{'t_ms': 0.0, 'rss_mib': 30.94}, {'t_ms': 0.12, 'rss_mib': 30.97}, {'t_ms': 58.39, 'rss_mib': 102.5}, {'t_ms': 111.71, 'rss_mib': 161.08}, {'t_ms': 164.88, 'rss_mib': 213.19}, {'t_ms': 222.52, 'rss_mib': 258.77}, {'t_ms': 273.68, 'rss_mib': 297.83}, {'t_ms': 334.36, 'rss_mib': 337.52}, {'t_ms': 391.06, 'rss_mib': 376.58}, {'t_ms': 451.29, 'rss_mib': 415.64}, {'t_ms': 513.2, 'rss_mib': 454.72}, {'t_ms': 579.06, 'rss_mib': 493.78}, {'t_ms': 650.53, 'rss_mib': 532.86}, {'t_ms': 777.65, 'rss_mib': 138.72}, {'t_ms': 777.86, 'rss_mib': 138.69}]",50.0,asynch (PyPI),5000000,0,memory_ceiling
1.4856667257845402,,,,,,,asynch (tacto fork),1,0,ping_latency
1.464666798710823,,,,,,,asynch (tacto fork),1,1,ping_latency
1.4277081936597824,,,,,,,asynch (tacto fork),1,2,ping_latency
1.2461659498512745,,,,,,,asynch (tacto fork),1,3,ping_latency
1.534332986921072,,,,,,,asynch (tacto fork),1,4,ping_latency
1.3635419309139252,,,,,,,asynch (tacto fork),1,5,ping_latency
1.3012909330427647,,,,,,,asynch (tacto fork),1,6,ping_latency
1.37224979698658,,,,,,,asynch (tacto fork),1,7,ping_latency
1.4040837995707989,,,,,,,asynch (tacto fork),1,8,ping_latency
1.521875150501728,,,,,,,asynch (tacto fork),1,9,ping_latency
1.4247079379856586,,,,,,,asynch (tacto fork),1,10,ping_latency
1.3429578393697739,,,,,,,asynch (tacto fork),1,11,ping_latency
1.2206248939037323,,,,,,,asynch (tacto fork),1,12,ping_latency
1.3407077640295029,,,,,,,asynch (tacto fork),1,13,ping_latency
1.319000031799078,,,,,,,asynch (tacto fork),1,14,ping_latency
1.3824156485497952,,,,,,,asynch (tacto fork),1,15,ping_latency
1.2373337522149086,,,,,,,asynch (tacto fork),1,16,ping_latency
1.300167292356491,,,,,,,asynch (tacto fork),1,17,ping_latency
1.2690830044448376,,,,,,,asynch (tacto fork),1,18,ping_latency
1.2742499820888042,,,,,,,asynch (tacto fork),1,19,ping_latency
1.3395408168435097,,,,,,,asynch (tacto fork),1,20,ping_latency
1.3946248218417168,,,,,,,asynch (tacto fork),1,21,ping_latency
1.2707086279988289,,,,,,,asynch (tacto fork),1,22,ping_latency
1.3152495957911015,,,,,,,asynch (tacto fork),1,23,ping_latency
1.2216251343488693,,,,,,,asynch (tacto fork),1,24,ping_latency
1.2864167802035809,,,,,,,asynch (tacto fork),1,25,ping_latency
1.2566656805574894,,,,,,,asynch (tacto fork),1,26,ping_latency
1.3227080926299095,,,,,,,asynch (tacto fork),1,27,ping_latency
1.3081668876111507,,,,,,,asynch (tacto fork),1,28,ping_latency
1.2135417200624943,,,,,,,asynch (tacto fork),1,29,ping_latency
1.2266668491065502,,,,,,,asynch (tacto fork),1,30,ping_latency
1.2059160508215427,,,,,,,asynch (tacto fork),1,31,ping_latency
1.2339171953499317,,,,,,,asynch (tacto fork),1,32,ping_latency
1.2710830196738243,,,,,,,asynch (tacto fork),1,33,ping_latency
1.2241248041391373,,,,,,,asynch (tacto fork),1,34,ping_latency
1.1752503924071789,,,,,,,asynch (tacto fork),1,35,ping_latency
1.1928332969546318,,,,,,,asynch (tacto fork),1,36,ping_latency
1.2249997816979885,,,,,,,asynch (tacto fork),1,37,ping_latency
1.1953338980674744,,,,,,,asynch (tacto fork),1,38,ping_latency
1.1458750814199448,,,,,,,asynch (tacto fork),1,39,ping_latency
1.2460420839488506,,,,,,,asynch (tacto fork),1,40,ping_latency
1.2252498418092728,,,,,,,asynch (tacto fork),1,41,ping_latency
1.3487907126545906,,,,,,,asynch (tacto fork),1,42,ping_latency
1.2869997881352901,,,,,,,asynch (tacto fork),1,43,ping_latency
1.206334214657545,,,,,,,asynch (tacto fork),1,44,ping_latency
1.227041706442833,,,,,,,asynch (tacto fork),1,45,ping_latency
1.225207932293415,,,,,,,asynch (tacto fork),1,46,ping_latency
1.3748332858085632,,,,,,,asynch (tacto fork),1,47,ping_latency
1.6298331320285797,,,,,,,asynch (tacto fork),1,48,ping_latency
1.297833863645792,,,,,,,asynch (tacto fork),1,49,ping_latency
1.3021663762629032,,,,,,,asynch (tacto fork),1,50,ping_latency
1.3022497296333313,,,,,,,asynch (tacto fork),1,51,ping_latency
1.2582079507410526,,,,,,,asynch (tacto fork),1,52,ping_latency
1.299791969358921,,,,,,,asynch (tacto fork),1,53,ping_latency
1.3013328425586224,,,,,,,asynch (tacto fork),1,54,ping_latency
1.4007077552378178,,,,,,,asynch (tacto fork),1,55,ping_latency
1.3259579427540302,,,,,,,asynch (tacto fork),1,56,ping_latency
1.398415770381689,,,,,,,asynch (tacto fork),1,57,ping_latency
1.694458071142435,,,,,,,asynch (tacto fork),1,58,ping_latency
2.1199588663876057,,,,,,,asynch (tacto fork),1,59,ping_latency
1.7463332042098045,,,,,,,asynch (tacto fork),1,60,ping_latency
1.528291031718254,,,,,,,asynch (tacto fork),1,61,ping_latency
1.3504168018698692,,,,,,,asynch (tacto fork),1,62,ping_latency
1.3957913033664227,,,,,,,asynch (tacto fork),1,63,ping_latency
1.2989169918000698,,,,,,,asynch (tacto fork),1,64,ping_latency
1.3935421593487263,,,,,,,asynch (tacto fork),1,65,ping_latency
1.1929580941796303,,,,,,,asynch (tacto fork),1,66,ping_latency
1.2498339638113976,,,,,,,asynch (tacto fork),1,67,ping_latency
1.236166339367628,,,,,,,asynch (tacto fork),1,68,ping_latency
1.2690420262515545,,,,,,,asynch (tacto fork),1,69,ping_latency
1.321166753768921,,,,,,,asynch (tacto fork),1,70,ping_latency
1.3006250374019146,,,,,,,asynch (tacto fork),1,71,ping_latency
1.2673749588429928,,,,,,,asynch (tacto fork),1,72,ping_latency
1.2857923284173012,,,,,,,asynch (tacto fork),1,73,ping_latency
1.3035419397056103,,,,,,,asynch (tacto fork),1,74,ping_latency
1.3387501239776611,,,,,,,asynch (tacto fork),1,75,ping_latency
1.1661248281598091,,,,,,,asynch (tacto fork),1,76,ping_latency
1.2141657061874866,,,,,,,asynch (tacto fork),1,77,ping_latency
1.1584577150642872,,,,,,,asynch (tacto fork),1,78,ping_latency
1.236707903444767,,,,,,,asynch (tacto fork),1,79,ping_latency
1.6751661896705627,,,,,,,asynch (tacto fork),1,80,ping_latency
1.2487499043345451,,,,,,,asynch (tacto fork),1,81,ping_latency
1.2911660596728325,,,,,,,asynch (tacto fork),1,82,ping_latency
1.165582798421383,,,,,,,asynch (tacto fork),1,83,ping_latency
1.235750038176775,,,,,,,asynch (tacto fork),1,84,ping_latency
1.2599998153746128,,,,,,,asynch (tacto fork),1,85,ping_latency
1.2684576213359833,,,,,,,asynch (tacto fork),1,86,ping_latency
1.1475002393126488,,,,,,,asynch (tacto fork),1,87,ping_latency
1.2646671384572983,,,,,,,asynch (tacto fork),1,88,ping_latency
1.2316247448325157,,,,,,,asynch (tacto fork),1,89,ping_latency
1.2660832144320011,,,,,,,asynch (tacto fork),1,90,ping_latency
1.2040422298014164,,,,,,,asynch (tacto fork),1,91,ping_latency
1.2001660652458668,,,,,,,asynch (tacto fork),1,92,ping_latency
1.2513753026723862,,,,,,,asynch (tacto fork),1,93,ping_latency
1.2189173139631748,,,,,,,asynch (tacto fork),1,94,ping_latency
1.2592077255249023,,,,,,,asynch (tacto fork),1,95,ping_latency
1.5979167073965073,,,,,,,asynch (tacto fork),1,96,ping_latency
1.571249682456255,,,,,,,asynch (tacto fork),1,97,ping_latency
1.3861670158803463,,,,,,,asynch (tacto fork),1,98,ping_latency
1.220041885972023,,,,,,,asynch (tacto fork),1,99,ping_latency
1.333707943558693,,,,,,,asynch (tacto fork),1,100,ping_latency
1.232207752764225,,,,,,,asynch (tacto fork),1,101,ping_latency
1.1554579250514507,,,,,,,asynch (tacto fork),1,102,ping_latency
1.261166762560606,,,,,,,asynch (tacto fork),1,103,ping_latency
1.2667500413954258,,,,,,,asynch (tacto fork),1,104,ping_latency
1.2523327022790909,,,,,,,asynch (tacto fork),1,105,ping_latency
1.2530828826129436,,,,,,,asynch (tacto fork),1,106,ping_latency
1.2709172442555428,,,,,,,asynch (tacto fork),1,107,ping_latency
1.3767499476671219,,,,,,,asynch (tacto fork),1,108,ping_latency
1.3704579323530197,,,,,,,asynch (tacto fork),1,109,ping_latency
1.2306668795645237,,,,,,,asynch (tacto fork),1,110,ping_latency
1.2053330428898335,,,,,,,asynch (tacto fork),1,111,ping_latency
1.1868327856063843,,,,,,,asynch (tacto fork),1,112,ping_latency
1.317041926085949,,,,,,,asynch (tacto fork),1,113,ping_latency
1.2779580429196358,,,,,,,asynch (tacto fork),1,114,ping_latency
1.2857499532401562,,,,,,,asynch (tacto fork),1,115,ping_latency
1.1729169636964798,,,,,,,asynch (tacto fork),1,116,ping_latency
1.2409170158207417,,,,,,,asynch (tacto fork),1,117,ping_latency
1.2194998562335968,,,,,,,asynch (tacto fork),1,118,ping_latency
1.3048327527940273,,,,,,,asynch (tacto fork),1,119,ping_latency
1.1864588595926762,,,,,,,asynch (tacto fork),1,120,ping_latency
1.1644582264125347,,,,,,,asynch (tacto fork),1,121,ping_latency
1.1972500942647457,,,,,,,asynch (tacto fork),1,122,ping_latency
1.170916948467493,,,,,,,asynch (tacto fork),1,123,ping_latency
1.2617497704923153,,,,,,,asynch (tacto fork),1,124,ping_latency
1.206458080559969,,,,,,,asynch (tacto fork),1,125,ping_latency
1.1596670374274254,,,,,,,asynch (tacto fork),1,126,ping_latency
1.18591682985425,,,,,,,asynch (tacto fork),1,127,ping_latency
1.148332841694355,,,,,,,asynch (tacto fork),1,128,ping_latency
1.232207752764225,,,,,,,asynch (tacto fork),1,129,ping_latency
1.2432090006768703,,,,,,,asynch (tacto fork),1,130,ping_latency
1.2314161285758018,,,,,,,asynch (tacto fork),1,131,ping_latency
1.188832800835371,,,,,,,asynch (tacto fork),1,132,ping_latency
1.2680422514677048,,,,,,,asynch (tacto fork),1,133,ping_latency
1.1589592322707176,,,,,,,asynch (tacto fork),1,134,ping_latency
1.2862500734627247,,,,,,,asynch (tacto fork),1,135,ping_latency
1.2395000085234642,,,,,,,asynch (tacto fork),1,136,ping_latency
1.2336671352386475,,,,,,,asynch (tacto fork),1,137,ping_latency
1.2265406548976898,,,,,,,asynch (tacto fork),1,138,ping_latency
1.3317917473614216,,,,,,,asynch (tacto fork),1,139,ping_latency
1.2185419909656048,,,,,,,asynch (tacto fork),1,140,ping_latency
1.2110420502722263,,,,,,,asynch (tacto fork),1,141,ping_latency
1.2487913481891155,,,,,,,asynch (tacto fork),1,142,ping_latency
1.2353751808404922,,,,,,,asynch (tacto fork),1,143,ping_latency
1.2792078778147697,,,,,,,asynch (tacto fork),1,144,ping_latency
1.2536249123513699,,,,,,,asynch (tacto fork),1,145,ping_latency
1.2547080405056477,,,,,,,asynch (tacto fork),1,146,ping_latency
1.2670420110225677,,,,,,,asynch (tacto fork),1,147,ping_latency
1.4980840496718884,,,,,,,asynch (tacto fork),1,148,ping_latency
1.659332774579525,,,,,,,asynch (tacto fork),1,149,ping_latency
1.3666655868291855,,,,,,,asynch (tacto fork),1,150,ping_latency
1.2821662239730358,,,,,,,asynch (tacto fork),1,151,ping_latency
1.310999970883131,,,,,,,asynch (tacto fork),1,152,ping_latency
1.435707788914442,,,,,,,asynch (tacto fork),1,153,ping_latency
1.374084036797285,,,,,,,asynch (tacto fork),1,154,ping_latency
1.3377917930483818,,,,,,,asynch (tacto fork),1,155,ping_latency
1.356292050331831,,,,,,,asynch (tacto fork),1,156,ping_latency
1.2622498907148838,,,,,,,asynch (tacto fork),1,157,ping_latency
1.3436670415103436,,,,,,,asynch (tacto fork),1,158,ping_latency
1.4351662248373032,,,,,,,asynch (tacto fork),1,159,ping_latency
1.9620838575065136,,,,,,,asynch (tacto fork),1,160,ping_latency
1.7199157737195492,,,,,,,asynch (tacto fork),1,161,ping_latency
1.36562529951334,,,,,,,asynch (tacto fork),1,162,ping_latency
1.3953750021755695,,,,,,,asynch (tacto fork),1,163,ping_latency
1.322875265032053,,,,,,,asynch (tacto fork),1,164,ping_latency
1.4445832930505276,,,,,,,asynch (tacto fork),1,165,ping_latency
1.6207918524742126,,,,,,,asynch (tacto fork),1,166,ping_latency
1.3938327319920063,,,,,,,asynch (tacto fork),1,167,ping_latency
1.385582610964775,,,,,,,asynch (tacto fork),1,168,ping_latency
1.335667446255684,,,,,,,asynch (tacto fork),1,169,ping_latency
1.3585826382040977,,,,,,,asynch (tacto fork),1,170,ping_latency
1.2050000950694084,,,,,,,asynch (tacto fork),1,171,ping_latency
1.4088749885559082,,,,,,,asynch (tacto fork),1,172,ping_latency
1.3531660661101341,,,,,,,asynch (tacto fork),1,173,ping_latency
1.429458148777485,,,,,,,asynch (tacto fork),1,174,ping_latency
1.3502920046448708,,,,,,,asynch (tacto fork),1,175,ping_latency
1.4070840552449226,,,,,,,asynch (tacto fork),1,176,ping_latency
1.396666280925274,,,,,,,asynch (tacto fork),1,177,ping_latency
2.126332838088274,,,,,,,asynch (tacto fork),1,178,ping_latency
1.8370840698480606,,,,,,,asynch (tacto fork),1,179,ping_latency
1.428375020623207,,,,,,,asynch (tacto fork),1,180,ping_latency
1.2269997969269753,,,,,,,asynch (tacto fork),1,181,ping_latency
1.2875832617282867,,,,,,,asynch (tacto fork),1,182,ping_latency
1.733665820211172,,,,,,,asynch (tacto fork),1,183,ping_latency
1.5962920151650906,,,,,,,asynch (tacto fork),1,184,ping_latency
1.3153338804841042,,,,,,,asynch (tacto fork),1,185,ping_latency
1.3073752634227276,,,,,,,asynch (tacto fork),1,186,ping_latency
1.3636252842843533,,,,,,,asynch (tacto fork),1,187,ping_latency
1.2922920286655426,,,,,,,asynch (tacto fork),1,188,ping_latency
1.4506662264466286,,,,,,,asynch (tacto fork),1,189,ping_latency
1.4149169437587261,,,,,,,asynch (tacto fork),1,190,ping_latency
1.3375421985983849,,,,,,,asynch (tacto fork),1,191,ping_latency
1.2823748402297497,,,,,,,asynch (tacto fork),1,192,ping_latency
1.4978330582380295,,,,,,,asynch (tacto fork),1,193,ping_latency
1.6477080062031746,,,,,,,asynch (tacto fork),1,194,ping_latency
2.5628753937780857,,,,,,,asynch (tacto fork),1,195,ping_latency
1.5834160149097443,,,,,,,asynch (tacto fork),1,196,ping_latency
1.2785829603672028,,,,,,,asynch (tacto fork),1,197,ping_latency
1.1935830116271973,,,,,,,asynch (tacto fork),1,198,ping_latency
1.2043747119605541,,,,,,,asynch (tacto fork),1,199,ping_latency
2011.0243749804795,,,,,,,asynch (tacto fork),1000000,0,read_throughput
2005.2179172635078,,,,,,,asynch (tacto fork),1000000,1,read_throughput
2008.3542079664767,,,,,,,asynch (tacto fork),1000000,2,read_throughput
2006.0629583895206,,,,,,,asynch (tacto fork),1000000,3,read_throughput
2042.9132501594722,,,,,,,asynch (tacto fork),1000000,4,read_throughput
1999.9985001049936,,,,,,,asynch (tacto fork),1000000,5,read_throughput
2010.1066250354052,,,,,,,asynch (tacto fork),1000000,6,read_throughput
2016.8755003251135,,,,,,,asynch (tacto fork),1000000,7,read_throughput
2019.0947502851486,,,,,,,asynch (tacto fork),1000000,8,read_throughput
2018.5448327101767,,,,,,,asynch (tacto fork),1000000,9,read_throughput
132.44420802220702,,,,,,,asynch (tacto fork),100000,0,insert_throughput
130.70304226130247,,,,,,,asynch (tacto fork),100000,1,insert_throughput
137.94283289462328,,,,,,,asynch (tacto fork),100000,2,insert_throughput
127.11104191839695,,,,,,,asynch (tacto fork),100000,3,insert_throughput
134.45741683244705,,,,,,,asynch (tacto fork),100000,4,insert_throughput
140.2766671963036,,,,,,,asynch (tacto fork),100000,5,insert_throughput
136.2153752706945,,,,,,,asynch (tacto fork),100000,6,insert_throughput
138.77979200333357,,,,,,,asynch (tacto fork),100000,7,insert_throughput
134.79745807126164,,,,,,,asynch (tacto fork),100000,8,insert_throughput
126.94475008174777,,,,,,,asynch (tacto fork),100000,9,insert_throughput
17.384374979883432,16,,,,,,asynch (tacto fork),1600000,0,concurrent_reads
18.227041233330965,16,,,,,,asynch (tacto fork),1600000,1,concurrent_reads
16.573041677474976,16,,,,,,asynch (tacto fork),1600000,2,concurrent_reads
15.680625103414059,16,,,,,,asynch (tacto fork),1600000,3,concurrent_reads
16.42262516543269,16,,,,,,asynch (tacto fork),1600000,4,concurrent_reads
16.503000166267157,16,,,,,,asynch (tacto fork),1600000,5,concurrent_reads
15.843207947909832,16,,,,,,asynch (tacto fork),1600000,6,concurrent_reads
16.634957864880562,16,,,,,,asynch (tacto fork),1600000,7,concurrent_reads
15.883250162005424,16,,,,,,asynch (tacto fork),1600000,8,concurrent_reads
14.71666619181633,16,,,,,,asynch (tacto fork),1600000,9,concurrent_reads
770.9643747657537,,30.94,500.44,531.38,"[{'t_ms': 0.0, 'rss_mib': 30.94}, {'t_ms': 0.11, 'rss_mib': 30.97}, {'t_ms': 56.81, 'rss_mib': 100.72}, {'t_ms': 109.98, 'rss_mib': 159.3}, {'t_ms': 165.07, 'rss_mib': 204.91}, {'t_ms': 223.46, 'rss_mib': 256.98}, {'t_ms': 275.86, 'rss_mib': 302.59}, {'t_ms': 331.08, 'rss_mib': 335.73}, {'t_ms': 389.71, 'rss_mib': 375.08}, {'t_ms': 448.2, 'rss_mib': 414.14}, {'t_ms': 509.85, 'rss_mib': 453.22}, {'t_ms': 574.81, 'rss_mib': 492.27}, {'t_ms': 642.37, 'rss_mib': 531.38}, {'t_ms': 771.14, 'rss_mib': 137.23}, {'t_ms': 771.33, 'rss_mib': 137.2}]",50.0,asynch (tacto fork),5000000,0,memory_ceiling
